Date,Actual,Predicted
2023-01-01,376.5727038063218,321.80088992653714
2023-01-02,335.03598630935784,304.7551024310854
2023-01-03,393.3265534940496,330.60112607020415
2023-01-04,381.9297695179599,333.90266650659237
2023-01-05,394.960202197193,332.6284578398567
2023-01-06,317.0748924361262,334.4972461777543
2023-01-07,416.76749409561455,343.4055130040104
2023-01-08,372.2082074368965,348.30627939818834
2023-01-09,397.1636563347503,310.108627621181
2023-01-10,354.2018814574894,317.1186114762948
2023-01-11,387.2554781012514,306.8840168963588
2023-01-12,353.9316887365269,318.14753699929634
2023-01-13,362.5246207860839,326.54465876216574
2023-01-14,413.2806270773357,327.2912395827262
2023-01-15,371.18635198473305,324.20316935396045
2023-01-16,379.34865746359446,304.7625530269504
2023-01-17,392.4013546137751,313.46099523596337
2023-01-18,384.9136377594521,309.49998483782963
2023-01-19,378.0083781028715,305.5816455328676
2023-01-20,382.2992200493245,304.0252939568981
2023-01-21,423.0683117047655,308.5782657741465
2023-01-22,373.84762405932827,321.39193722509265
2023-01-23,379.02198093429934,313.1231212951349
2023-01-24,396.01308792015226,337.912624557382
2023-01-25,397.11051865915965,341.5688408445027
2023-01-26,398.7406061112076,334.21048247535583
2023-01-27,387.7746044405837,320.9439136091263
2023-01-28,352.1399017453903,325.8958090991939
2023-01-29,407.66863064602194,326.2144284191781
2023-01-30,352.0730921396262,325.1540603553352
2023-01-31,381.0527093047807,338.8690739096151
2023-02-01,378.2157531888348,372.55576525758147
2023-02-02,392.0185032573621,362.2210338957653
2023-02-03,399.8765183952916,348.149853527357
2023-02-04,399.7284144982274,339.21543945103906
2023-02-05,401.7396852739277,355.3311320490367
2023-02-06,425.5754955703949,350.1511039807486
2023-02-07,402.3719562195016,361.0468744011943
2023-02-08,388.418137483409,364.58467344222606
2023-02-09,412.5830135549891,349.9915737302379
2023-02-10,417.0906799677148,350.3573354018375
2023-02-11,368.7491138864821,355.7748168355946
2023-02-12,405.2492715862191,352.42844122103844
2023-02-13,407.32472503544,324.5790869706267
2023-02-14,387.3500001220221,329.77362345317147
2023-02-15,420.8154064554544,337.78287985430126
2023-02-16,390.3001584485714,343.7154113087267
2023-02-17,395.8127992586528,350.25034365683604
2023-02-18,389.83983370354457,351.87968775112734
2023-02-19,393.6128511408513,335.3474846914063
2023-02-20,371.3757684513179,345.58057440374535
2023-02-21,364.50025253733605,349.8762763829856
2023-02-22,425.1913714537214,354.4491353986759
2023-02-23,376.3620432228554,358.0868259422568
2023-02-24,373.4734232000958,360.2113706558542
2023-02-25,350.23346791714766,354.48978705555567
2023-02-26,380.52203523543193,344.0359486575737
2023-02-27,366.839474321072,340.71434294991593
2023-02-28,426.14157339194935,337.5437833292211
2023-03-01,420.1963417868527,360.1864344008222
2023-03-02,386.23699309644553,356.0112953167825
2023-03-03,445.04871610688616,342.3680159076023
2023-03-04,419.6353097398319,334.52798284149816
2023-03-05,393.5033723298275,350.2582499463902
2023-03-06,350.01188570252856,355.81759953437063
2023-03-07,445.8188514518149,359.4517036625046
2023-03-08,372.2085506647281,359.19192148267246
2023-03-09,367.09202506086217,350.1232322646114
2023-03-10,420.4514086401928,355.0376810420072
2023-03-11,448.7950481267855,355.3092036892851
2023-03-12,427.6854563702104,348.827805105635
2023-03-13,411.2781824010472,338.3526496187419
2023-03-14,411.8950868333057,339.19705983611186
2023-03-15,417.0683111756061,343.09326427993255
2023-03-16,415.1785717957353,349.88293042271545
2023-03-17,405.6238284793875,348.6461210745898
2023-03-18,402.0840220790376,354.4733122820322
2023-03-19,398.7481374420096,344.7126886507701
2023-03-20,384.92070822266646,347.50357504788246
2023-03-21,394.3864984626645,344.7586707542645
2023-03-22,366.1408637160922,353.00898813609274
2023-03-23,398.033207464105,358.4592917465816
2023-03-24,380.2281778569816,359.8831149450849
2023-03-25,377.9282136556846,351.3965308000523
2023-03-26,403.5978830230696,344.14168162438
2023-03-27,427.840045726892,363.1914443321509
2023-03-28,418.3663321200463,355.9934655920939
2023-03-29,368.58998792753647,361.49945160135803
2023-03-30,380.20743726859325,350.0550352487989
2023-03-31,418.8154237597643,346.635118248902
2023-04-01,373.65152231845576,380.0932810615339
2023-04-02,388.8086071892815,367.84646856774197
2023-04-03,404.302312169713,348.1593432115249
2023-04-04,373.93438109194926,356.04170054447155
2023-04-05,395.4087803121412,364.69955019012247
2023-04-06,366.62076029085785,360.46397362429775
2023-04-07,381.2739173101977,338.3485172550832
2023-04-08,399.6969088720727,339.7571713405775
2023-04-09,361.4413955185886,331.2550988250322
2023-04-10,402.11076494843,331.8916899736672
2023-04-11,392.90851421068834,332.44034989039756
2023-04-12,404.3510692775649,331.59305289863113
2023-04-13,397.7795528705152,335.4416662576514
2023-04-14,420.5840787886988,342.2467919556015
2023-04-15,395.8057602421801,354.38093546877514
2023-04-16,384.71315936671687,339.0082733231355
2023-04-17,395.7472202498676,347.72789338450934
2023-04-18,404.1672307699497,345.9616880744301
2023-04-19,394.2784715957361,347.84006525286645
2023-04-20,394.1131040132996,345.8186177145513
2023-04-21,379.2614364330868,336.9371208926414
2023-04-22,380.043251838203,339.8431670764966
2023-04-23,365.24916475322806,342.65527063061364
2023-04-24,428.2928050529607,352.0232887889099
2023-04-25,368.42400548139625,351.2274038343366
2023-04-26,379.4431662333038,360.59420619685466
2023-04-27,378.933124877838,355.34593708806193
2023-04-28,411.1997577281108,334.15367357594664
2023-04-29,387.4022766233814,333.1037711820776
2023-04-30,418.2561116426966,341.82387091381827
2023-05-01,361.5301875151226,325.9980929169192
2023-05-02,380.579883244476,328.6293764051581
2023-05-03,358.29305893480483,339.0341221750667
2023-05-04,417.90298255546776,341.3223840715186
2023-05-05,351.24803161940974,323.0772099606867
2023-05-06,381.1964142045405,319.7975679672694
2023-05-07,387.675537618642,321.04525515867994
2023-05-08,383.27598194903,330.8256928148561
2023-05-09,371.2942468224458,330.837501332464
2023-05-10,372.4035860053315,320.1824609987286
2023-05-11,375.8762294395822,325.8806857683774
2023-05-12,372.0599599674303,339.5500565606861
2023-05-13,394.2775823358982,330.09465255220647
2023-05-14,419.21046003182704,317.8503001545313
2023-05-15,363.8501642998433,329.29676366541213
2023-05-16,347.60394040841845,331.322273039621
2023-05-17,373.2343590329749,337.0651573918739
2023-05-18,426.5941867530864,350.2526881918647
2023-05-19,358.9265086406054,341.7123755549491
2023-05-20,407.7823361088813,317.0905821343022
2023-05-21,408.5540162815288,309.85720116608553
2023-05-22,363.92823516584014,318.95069475195726
2023-05-23,386.3796615837055,322.6944023685885
2023-05-24,407.5679324625708,338.4635063652389
2023-05-25,367.41744518025024,341.60880462645656
2023-05-26,370.9283927979528,326.1376290282349
2023-05-27,363.3663817210271,323.71883689892695
2023-05-28,354.70486538614267,322.312979146838
2023-05-29,362.0144490986799,349.24015862666363
2023-05-30,350.5211946647549,345.36892438697504
2023-05-31,375.6816693651845,336.31773574855504
2023-06-01,334.60053537882715,306.20766658673705
2023-06-02,354.67571823581494,313.62500764452557
2023-06-03,318.8820870759275,326.0354707725119
2023-06-04,356.61760464428914,326.2010979762936
2023-06-05,366.6705792321785,303.3780479326383
2023-06-06,310.1252871485709,306.132967007812
2023-06-07,357.48113139695147,314.0344162487092
2023-06-08,374.5533798494658,317.4162696001667
2023-06-09,325.80717962617587,315.17795348979433
2023-06-10,383.45144773675406,318.83646334948367
2023-06-11,358.3803801873209,320.7358831940205
2023-06-12,335.89976288483183,318.6086628698408
2023-06-13,348.8846184468459,317.97152900650707
2023-06-14,361.1665382504344,313.60959052252156
2023-06-15,351.52010782824823,304.26993811952286
2023-06-16,360.7751198489274,310.59481684442443
2023-06-17,331.5865281384127,308.7085948602559
2023-06-18,353.3872164807216,298.2140252626499
2023-06-19,321.7257100619004,299.20185098792047
2023-06-20,347.775478773026,301.71897767176887
2023-06-21,331.9218471707042,307.7948795492925
2023-06-22,335.28940114820466,312.72538817665094
2023-06-23,374.7218635042087,306.41591751120484
2023-06-24,371.8262024118854,291.0062855725742
2023-06-25,362.1827624181435,295.7461399254405
2023-06-26,328.1537447065484,314.3805874026959
2023-06-27,343.671831006104,318.945841287097
2023-06-28,374.2619539995837,314.5320601180163
2023-06-29,352.8343382727981,306.8539547730121
2023-06-30,396.3865907996339,306.3087044927655
2023-07-01,332.8663567878874,295.83463598667106
2023-07-02,328.8409823298006,285.29762506456717
2023-07-03,318.81767071595,278.87349293397676
2023-07-04,327.67081809564564,279.5796527709258
2023-07-05,321.9506032723891,283.2584400958512
2023-07-06,339.1621735337718,271.63255320460115
2023-07-07,344.1340463358917,274.0603545654903
2023-07-08,309.280210789841,287.86476846523635
2023-07-09,298.3753409288444,271.7999428117243
2023-07-10,288.27589253793406,274.20530759682543
2023-07-11,335.15982653825085,273.0471555101986
2023-07-12,302.93266787652254,285.23785530507473
2023-07-13,281.94218814095035,263.245491252911
2023-07-14,332.77157209061926,260.03907297817227
2023-07-15,374.8599903486558,282.2158670578645
2023-07-16,324.8785817692021,281.74839165842786
2023-07-17,341.76981548903285,272.3199571685465
2023-07-18,326.6365871709513,272.04289877681475
2023-07-19,323.0222069361772,290.4233572982109
2023-07-20,343.38152965975536,262.91942024673955
2023-07-21,319.194509116227,251.8951980443104
2023-07-22,330.3478462814381,270.8400377089206
2023-07-23,331.43395612392027,269.83390318858983
2023-07-24,311.638190927139,265.44990000428277
2023-07-25,344.8408469907305,272.73579392684934
2023-07-26,321.5008048660918,283.37340370841014
2023-07-27,309.8850968101431,263.032363498552
2023-07-28,335.73019687140805,257.2839362349213
2023-07-29,307.03064036417925,281.08495104023416
2023-07-30,325.56362314738254,279.39808533022574
2023-07-31,324.8176200671159,274.4925649395446
2023-08-01,328.41664112740966,273.63791990595337
2023-08-02,316.1926944683772,259.8102989660158
2023-08-03,306.1981906358752,239.09011858945422
2023-08-04,323.05405579478384,231.91705619613649
2023-08-05,334.5028807911244,245.8383126870941
2023-08-06,317.85493593781536,255.15460950551693
2023-08-07,306.9057822076457,252.52348140836295
2023-08-08,280.4620051637749,260.76626456773084
2023-08-09,285.3964565492706,250.26803618653065
2023-08-10,300.59423572368473,250.1153339243827
2023-08-11,294.50848576759245,265.9389390483055
2023-08-12,302.9593037510692,262.39891313165515
2023-08-13,307.83172830872024,267.19312097387854
2023-08-14,317.2925848979127,261.8236852366914
2023-08-15,305.28875424959625,266.9519212970848
2023-08-16,316.42876268730214,264.82378803185725
2023-08-17,307.9882181069805,268.07702308221235
2023-08-18,267.1893984837007,268.7013272953189
2023-08-19,287.912021934403,265.47857580207585
2023-08-20,303.8169786963458,264.3915287055129
2023-08-21,282.50483495395594,259.9314833916143
2023-08-22,318.6973044107022,267.09358394338125
2023-08-23,337.31374645765203,265.59936375968215
2023-08-24,331.07396684472445,268.9435785786718
2023-08-25,302.42987239217393,268.81958607215864
2023-08-26,336.51325254777714,252.18584325814155
2023-08-27,309.67207895482034,248.9426928851669
2023-08-28,299.9570103884173,252.09856574489643
2023-08-29,294.43067653995934,260.01159759354124
2023-08-30,300.6493360810155,253.15790121327717
2023-08-31,298.93519343995354,254.7648735644543
2023-09-01,303.40832444750976,234.6748843867108
2023-09-02,303.2114796209973,237.25065891896153
2023-09-03,300.0609204030683,221.381436647947
2023-09-04,308.738763394927,230.26578531695992
2023-09-05,323.8129254957268,245.56902342092317
2023-09-06,318.99108270882647,258.4758244757778
2023-09-07,270.30204063100194,258.73663967274496
2023-09-08,248.9215773019609,252.51019644477597
2023-09-09,318.6863982247855,244.8810778217154
2023-09-10,272.66242603169155,242.68029155848654
2023-09-11,295.50469196214635,245.49196000679015
2023-09-12,276.5977394788128,263.8783405363925
2023-09-13,263.9603912483996,263.95434571692147
2023-09-14,310.8292545640958,253.00503686592185
2023-09-15,315.1831032060529,248.72623964909232
2023-09-16,288.46979198546563,251.29474191287477
2023-09-17,248.1791541571018,234.94705806308409
2023-09-18,289.07511103495034,246.7017208592289
2023-09-19,307.8360801080509,251.74943978850985
2023-09-20,270.4217686245174,243.4656935827648
2023-09-21,303.6671983955831,247.8948335523203
2023-09-22,299.6938030165401,255.4317288012667
2023-09-23,311.5858299920218,271.2012841156677
2023-09-24,302.3916073682831,252.83178490068846
2023-09-25,280.5386211823689,261.7627751504099
2023-09-26,323.9314300332898,266.1179687156614
2023-09-27,296.8294085394606,261.5465727348571
2023-09-28,299.45390920980134,256.1457561092894
2023-09-29,281.33464081853606,245.86121043529093
2023-09-30,291.1343549761698,250.14963327507576
2023-10-01,289.00267553024,265.6399329266433
2023-10-02,303.2398086123096,267.390799035918
2023-10-03,340.9328994136249,272.9530297729305
2023-10-04,279.26070695215094,265.1088748907837
2023-10-05,274.42750185324326,267.87488813542234
2023-10-06,336.1221363606502,259.9325603642659
2023-10-07,302.5122562677407,270.2323495065954
2023-10-08,293.3172750375797,278.2604911407196
2023-10-09,327.4968235586996,259.03522948806295
2023-10-10,294.58641901604074,270.37042679666615
2023-10-11,343.21892408171675,269.9040515303327
2023-10-12,320.25724723756343,256.6751430286664
2023-10-13,296.940501647864,252.0417004185006
2023-10-14,349.8448940760881,252.14056265346412
2023-10-15,294.58443135071127,259.3171977428946
2023-10-16,321.5406372509642,260.54260457411135
2023-10-17,312.6845814189079,260.48991015134663
2023-10-18,332.73355559875404,255.9326936735505
2023-10-19,337.9289537453151,264.36829908460896
2023-10-20,307.3388127920934,286.7115827016592
2023-10-21,291.6303724038544,276.72470081764305
2023-10-22,315.8981726695604,266.1830100058267
2023-10-23,293.1444224157359,260.2030876280085
2023-10-24,346.9664747613105,264.1571213128734
2023-10-25,309.4294364324328,256.24507205275177
2023-10-26,299.39229878453585,248.58514356665165
2023-10-27,310.3923359280762,240.6820663367093
2023-10-28,279.7562040201841,248.98735241616023
2023-10-29,287.266449040565,259.26827802787153
2023-10-30,330.70700796966656,250.13094521986784
2023-10-31,293.56084423135013,254.39875931934137
2023-11-01,304.0617803463612,275.05208109251816
2023-11-02,335.7330550505457,261.6289562918403
2023-11-03,348.71408309325994,254.41988336416998
2023-11-04,339.3790662133013,275.84895100865475
2023-11-05,344.92095371611634,286.0571786082992
2023-11-06,309.8640982286108,281.30754825446786
2023-11-07,296.56378666516315,286.91915940422894
2023-11-08,355.0266730391097,279.94110770303234
2023-11-09,318.5464032231573,278.0962794882859
2023-11-10,319.98333967089906,280.65980739580067
2023-11-11,351.5638828369812,289.5420046277084
2023-11-12,336.1246001880132,264.2615848120475
2023-11-13,334.11775544163214,289.9141629027261
2023-11-14,368.30004689802166,298.0555257151164
2023-11-15,312.1296353923971,285.62117176864086
2023-11-16,343.55680256162475,276.51566757431874
2023-11-17,326.1402624979417,281.52585392619363
2023-11-18,330.3718455772652,281.80501955503433
2023-11-19,355.5693685282506,263.14567671144397
2023-11-20,335.15671512579246,273.49365250759706
2023-11-21,335.76592158099265,275.8434293368493
2023-11-22,346.450146746196,280.9440464254851
2023-11-23,317.7009454091423,286.50962881515
2023-11-24,308.2158066532199,284.34665578951154
2023-11-25,304.10381611957934,277.4251510810007
2023-11-26,285.67286821247995,251.71893426355234
2023-11-27,366.1241425988064,273.0125020002599
2023-11-28,302.9358326855663,268.95357641950164
2023-11-29,320.57492752828455,256.06771376149516
2023-11-30,319.4637340022216,262.85297552512526
2023-12-01,356.148133956182,279.90284457090814
2023-12-02,366.3147442507859,286.21229669595516
2023-12-03,367.2094697671949,297.22935996764716
2023-12-04,338.33845122862124,302.21106555333597
2023-12-05,346.65756572427176,301.71793121302824
2023-12-06,355.651599009766,305.59579486730513
2023-12-07,345.02617747632905,303.6806001148676
2023-12-08,382.14691152039984,291.9744300466416
2023-12-09,359.819499032765,296.48325313272676
2023-12-10,364.6975557209963,298.0085668341686
2023-12-11,363.2576253733483,290.89814963581006
2023-12-12,373.4694771497065,291.6769273662918
2023-12-13,353.62043117407416,305.12420617685115
2023-12-14,324.0633610408831,317.60262425536746
2023-12-15,357.99375903505285,306.59079648097816
2023-12-16,336.97286212416344,296.38374735181077
2023-12-17,339.4276663650049,293.39546811230315
2023-12-18,361.7272803751019,318.56362180742445
2023-12-19,374.76566142867273,320.96343263306346
2023-12-20,350.4254315347212,314.82729222287963
2023-12-21,356.1766602519793,313.8326256637217
2023-12-22,384.0442988927048,308.59722273084117
2023-12-23,354.81506358977134,297.87393085961827
2023-12-24,402.0336622836079,295.57206225119285
2023-12-25,361.3101929126309,303.67914539539345
2023-12-26,314.78474481688363,300.3000351519088
2023-12-27,365.0668324220906,307.9406588744634
2023-12-28,357.6231676976556,307.62604828253893
2023-12-29,375.7950550816549,306.8266648245481
2023-12-30,363.4636270253992,301.53697246731303
2023-12-31,347.2308803203245,298.71774287507833
