Date,Sales,Year,Month,Day,DayOfWeek,Is_Weekend
2020-01-01,234.93428306022466,2020,1,1,2,0
2020-01-02,222.2347139765763,2020,1,2,3,0
2020-01-03,237.95377076201385,2020,1,3,4,0
2020-01-04,255.46059712816052,2020,1,4,5,1
2020-01-05,220.3169325055333,2020,1,5,6,1
2020-01-06,220.3172608610164,2020,1,6,0,0
2020-01-07,256.58425631014785,2020,1,7,1,0
2020-01-08,240.34869458305818,2020,1,8,2,0
2020-01-09,215.61051228130097,2020,1,9,3,0
2020-01-10,235.8512008717193,2020,1,10,4,0
2020-01-11,215.73164614375077,2020,1,11,5,1
2020-01-12,215.68540492859486,2020,1,12,6,1
2020-01-13,229.83924543132068,2020,1,13,0,0
2020-01-14,186.73439510684403,2020,1,14,1,0
2020-01-15,190.50164334973934,2020,1,15,2,0
2020-01-16,213.75424941518054,2020,1,16,3,0
2020-01-17,204.74337759331152,2020,1,17,4,0
2020-01-18,231.28494665190547,2020,1,18,5,1
2020-01-19,206.83951848957577,2020,1,19,6,1
2020-01-20,196.75392597329417,2020,1,20,0,0
2020-01-21,254.31297537843108,2020,1,21,1,0
2020-01-22,220.4844739902693,2020,1,22,2,0
2020-01-23,226.35056409375846,2020,1,23,3,0
2020-01-24,196.50503627573087,2020,1,24,4,0
2020-01-25,214.11234550949635,2020,1,25,5,1
2020-01-26,227.21845179419734,2020,1,26,6,1
2020-01-27,201.98012845155395,2020,1,27,0,0
2020-01-28,232.51396036691344,2020,1,28,1,0
2020-01-29,212.9872262016239,2020,1,29,2,0
2020-01-30,219.16612500413447,2020,1,30,3,0
2020-01-31,212.96586775541206,2020,1,31,4,0
2020-02-01,280.34683387940066,2020,2,1,5,1
2020-02-02,243.03132569446325,2020,2,2,6,1
2020-02-03,222.14705161010392,2020,2,3,0,0
2020-02-04,259.7521684312857,2020,2,4,1,0
2020-02-05,218.8843971898015,2020,2,5,2,0
2020-02-06,247.47854208931705,2020,2,6,3,0
2020-02-07,204.1078677116264,2020,2,7,4,0
2020-02-08,216.7375492112533,2020,2,8,5,1
2020-02-09,247.2384949066044,2020,2,9,6,1
2020-02-10,258.07060178913014,2020,2,10,0,0
2020-02-11,246.72863581302133,2020,2,11,1,0
2020-02-12,240.98830454145713,2020,2,12,2,0
2020-02-13,237.27919627743614,2020,2,13,3,0
2020-02-14,213.73083038187337,2020,2,14,4,0
2020-02-15,228.90438602132775,2020,2,15,5,1
2020-02-16,234.08849477002616,2020,2,16,6,1
2020-02-17,264.44371471360023,2020,2,17,0,0
2020-02-18,250.17363598059114,2020,2,18,1,0
2020-02-19,208.04046708196725,2020,2,19,2,0
2020-02-20,249.78294957711782,2020,2,20,3,0
2020-02-21,235.59962458089558,2020,2,21,4,0
2020-02-22,229.76283018310275,2020,2,22,5,1
2020-02-23,255.53479596603927,2020,2,23,6,1
2020-02-24,263.92126063914094,2020,2,24,0,0
2020-02-25,261.9268725715459,2020,2,25,1,0
2020-02-26,226.51691972476914,2020,2,26,2,0
2020-02-27,237.11702267219763,2020,2,27,3,0
2020-02-28,249.9265388172932,2020,2,28,4,0
2020-02-29,262.8121727316691,2020,2,29,5,1
2020-03-01,240.4165152430942,2020,3,1,6,1
2020-03-02,246.28682046672367,2020,3,2,0,0
2020-03-03,227.87330051987942,2020,3,3,1,0
2020-03-04,226.0758675183866,2020,3,4,2,0
2020-03-05,266.25051644788397,2020,3,5,3,0
2020-03-06,277.1248005714165,2020,3,6,4,0
2020-03-07,248.55979756839332,2020,3,7,5,1
2020-03-08,270.07065795784047,2020,3,8,6,1
2020-03-09,257.23272050095267,2020,3,9,0,0
2020-03-10,237.0976049078975,2020,3,10,1,0
2020-03-11,257.2279121101683,2020,3,11,2,0
2020-03-12,280.76073132931936,2020,3,12,3,0
2020-03-13,249.28347921780096,2020,3,13,4,0
2020-03-14,281.29287311628013,2020,3,14,5,1
2020-03-15,197.6050979182051,2020,3,15,6,1
2020-03-16,266.43805008750445,2020,3,16,0,0
2020-03-17,251.74094136476342,2020,3,17,1,0
2020-03-18,244.01985299068264,2020,3,18,2,0
2020-03-19,251.83521553071006,2020,3,19,3,0
2020-03-20,210.24862170798215,2020,3,20,4,0
2020-03-21,245.60656224324975,2020,3,21,5,1
2020-03-22,257.1422514302349,2020,3,22,6,1
2020-03-23,279.5578808948303,2020,3,23,0,0
2020-03-24,239.63459563452705,2020,3,24,1,0
2020-03-25,233.83012794213624,2020,3,25,2,0
2020-03-26,239.96485912830926,2020,3,26,3,0
2020-03-27,268.3080423540415,2020,3,27,4,0
2020-03-28,256.5750221931937,2020,3,28,5,1
2020-03-29,239.40479592465923,2020,3,29,6,1
2020-03-30,260.2653486622671,2020,3,30,0,0
2020-03-31,251.9415509869608,2020,3,31,1,0
2020-04-01,262.6741699998797,2020,4,1,2,0
2020-04-02,229.26020831167492,2020,4,2,3,0
2020-04-03,236.74802725726659,2020,4,3,4,0
2020-04-04,235.4591071265788,2020,4,4,5,1
2020-04-05,214.0309712265796,2020,4,5,6,1
2020-04-06,249.22367573051346,2020,4,6,0,0
2020-04-07,248.52237563281975,2020,4,7,1,0
2020-04-08,243.40353932207117,2020,4,8,2,0
2020-04-09,238.609527521719,2020,4,9,3,0
2020-04-10,214.99385534821366,2020,4,10,4,0
2020-04-11,234.8883637339148,2020,4,11,5,1
2020-04-12,236.44697985868657,2020,4,12,6,1
2020-04-13,227.25572480478957,2020,4,13,0,0
2020-04-14,240.07555595590176,2020,4,14,1,0
2020-04-15,251.38228732551272,2020,4,15,2,0
2020-04-16,281.02498821343255,2020,4,16,3,0
2020-04-17,246.79282644585874,2020,4,17,4,0
2020-04-18,248.45227800367724,2020,4,18,5,1
2020-04-19,241.81235187389862,2020,4,19,6,1
2020-04-20,204.92584588324112,2020,4,20,0,0
2020-04-21,242.7709926802376,2020,4,21,1,0
2020-04-22,244.50587438804249,2020,4,22,2,0
2020-04-23,292.5661124389277,2020,4,23,3,0
2020-04-24,239.45405089359951,2020,4,24,4,0
2020-04-25,249.3322170358942,2020,4,25,5,1
2020-04-26,242.60703479511707,2020,4,26,6,1
2020-04-27,219.92770943683132,2020,4,27,0,0
2020-04-28,266.15772647952235,2020,4,28,1,0
2020-04-29,258.3399308429574,2020,4,29,2,0
2020-04-30,259.1219091300829,2020,4,30,3,0
2020-05-01,206.81225090410524,2020,5,1,4,0
2020-05-02,253.055886218722,2020,5,2,5,1
2020-05-03,196.9629787441544,2020,5,3,6,1
2020-05-04,236.73714187600544,2020,5,4,0,0
2020-05-05,268.8091125161996,2020,5,5,1,0
2020-05-06,205.18927349738627,2020,5,6,2,0
2020-05-07,213.6740454079446,2020,5,7,3,0
2020-05-08,226.99302730175285,2020,5,8,4,0
2020-05-09,214.93048691767603,2020,5,9,5,1
2020-05-10,193.98673137867738,2020,5,10,6,1
2020-05-11,226.3712594961206,2020,5,11,0,0
2020-05-12,203.75392572547793,2020,5,12,1,0
2020-05-13,234.47184861270367,2020,5,13,2,0
2020-05-14,206.61151531532397,2020,5,14,3,0
2020-05-15,255.99868810035082,2020,5,15,4,0
2020-05-16,209.3349341532753,2020,5,16,5,1
2020-05-17,218.5587696758865,2020,5,17,6,1
2020-05-18,241.27034434739343,2020,5,18,0,0
2020-05-19,200.38271367132091,2020,5,19,1,0
2020-05-20,229.54919869208263,2020,5,20,2,0
2020-05-21,251.1428550856486,2020,5,21,3,0
2020-05-22,192.85033530877547,2020,5,22,4,0
2020-05-23,228.6926771706461,2020,5,23,5,1
2020-05-24,230.1976558849685,2020,5,24,6,1
2020-05-25,240.63645743554625,2020,5,25,0,0
2020-05-26,200.26098578243838,2020,5,26,1,0
2020-05-27,198.5908677383145,2020,5,27,2,0
2020-05-28,235.43883131233798,2020,5,28,3,0
2020-05-29,230.93969346466375,2020,5,29,4,0
2020-05-30,230.00985700691757,2020,5,30,5,1
2020-05-31,231.92896418993953,2020,5,31,6,1
2020-06-01,186.3995055684302,2020,6,1,0,0
2020-06-02,204.64507394322007,2020,6,2,1,0
2020-06-03,205.86144946597364,2020,6,3,2,0
2020-06-04,185.71297163947264,2020,6,4,3,0
2020-06-05,237.31549022289514,2020,6,5,4,0
2020-06-06,209.47665841823576,2020,6,6,5,1
2020-06-07,176.17393005594704,2020,6,7,6,1
2020-06-08,213.1310721726766,2020,6,8,0,0
2020-06-09,180.50636659545358,2020,6,9,1,0
2020-06-10,215.74169207484903,2020,6,10,2,0
2020-06-11,223.17191158014808,2020,6,11,3,0
2020-06-12,183.5863536329658,2020,6,12,4,0
2020-06-13,219.26752258488642,2020,6,13,5,1
2020-06-14,208.25561853872998,2020,6,14,6,1
2020-06-15,216.4412031998898,2020,6,15,0,0
2020-06-16,237.93585965307895,2020,6,16,1,0
2020-06-17,195.0922376799426,2020,6,17,2,0
2020-06-18,184.9252767128502,2020,6,18,3,0
2020-06-19,182.20971140748952,2020,6,19,4,0
2020-06-20,183.68379430069123,2020,6,20,5,1
2020-06-21,198.4579658117179,2020,6,21,6,1
2020-06-22,206.82303949633288,2020,6,22,0,0
2020-06-23,205.5338159866004,2020,6,23,1,0
2020-06-24,216.54366498072048,2020,6,24,2,0
2020-06-25,200.26003783755814,2020,6,25,3,0
2020-06-26,229.07068154314635,2020,6,26,4,0
2020-06-27,194.70686333524088,2020,6,27,5,1
2020-06-28,254.40338333179238,2020,6,28,6,1
2020-06-29,212.51334695530014,2020,6,29,0,0
2020-06-30,182.85684887167434,2020,6,30,1,0
2020-07-01,153.58215003877774,2020,7,1,2,0
2020-07-02,184.6494483048637,2020,7,2,3,0
2020-07-03,170.530744293483,2020,7,3,4,0
2020-07-04,189.28000988184183,2020,7,4,5,1
2020-07-05,184.4647524914709,2020,7,5,6,1
2020-07-06,173.54342174686255,2020,7,6,0,0
2020-07-07,158.0641256386319,2020,7,7,1,0
2020-07-08,144.7030555062827,2020,7,8,2,0
2020-07-09,166.06970095865958,2020,7,9,3,0
2020-07-10,192.12797588646944,2020,7,10,4,0
2020-07-11,179.2818748826041,2020,7,11,5,1
2020-07-12,150.08522442576023,2020,7,12,6,1
2020-07-13,178.46361851702363,2020,7,13,0,0
2020-07-14,182.70634759457673,2020,7,14,1,0
2020-07-15,157.32285127597734,2020,7,15,2,0
2020-07-16,178.07450211891054,2020,7,16,3,0
2020-07-17,176.16417436892,2020,7,17,4,0
2020-07-18,152.14059404338752,2020,7,18,5,1
2020-07-19,182.15574720696566,2020,7,19,6,1
2020-07-20,186.2156905273647,2020,7,20,0,0
2020-07-21,196.66102486350553,2020,7,21,1,0
2020-07-22,196.07604104069804,2020,7,22,2,0
2020-07-23,147.44661264085818,2020,7,23,3,0
2020-07-24,156.24349920169755,2020,7,24,4,0
2020-07-25,185.3007053441732,2020,7,25,5,1
2020-07-26,185.2757190182442,2020,7,26,6,1
2020-07-27,185.30095372612095,2020,7,27,0,0
2020-07-28,252.05462981309444,2020,7,28,1,0
2020-07-29,186.41781021386333,2020,7,29,2,0
2020-07-30,197.71131280361197,2020,7,30,3,0
2020-07-31,194.08003526986406,2020,7,31,4,0
2020-08-01,169.72655483689402,2020,8,1,5,1
2020-08-02,150.39334491797118,2020,8,2,6,1
2020-08-03,171.87811422064343,2020,8,3,0,0
2020-08-04,141.24222552002664,2020,8,4,1,0
2020-08-05,151.9623576759779,2020,8,5,2,0
2020-08-06,146.991458854196,2020,8,6,3,0
2020-08-07,158.33621259850452,2020,8,7,4,0
2020-08-08,202.99190114424823,2020,8,8,5,1
2020-08-09,119.35342595894312,2020,8,9,6,1
2020-08-10,170.42393361826834,2020,8,10,0,0
2020-08-11,124.44441238698505,2020,8,11,1,0
2020-08-12,147.2600924949894,2020,8,12,2,0
2020-08-13,178.4777417501254,2020,8,13,3,0
2020-08-14,157.98433019268734,2020,8,14,4,0
2020-08-15,135.14383425219197,2020,8,15,5,1
2020-08-16,142.3926556255787,2020,8,16,6,1
2020-08-17,170.29068478947158,2020,8,17,0,0
2020-08-18,142.09139717643535,2020,8,18,1,0
2020-08-19,161.0279016024176,2020,8,19,2,0
2020-08-20,157.61016660885434,2020,8,20,3,0
2020-08-21,143.66672285866173,2020,8,21,4,0
2020-08-22,199.5776115972846,2020,8,22,5,1
2020-08-23,169.3771102571383,2020,8,23,6,1
2020-08-24,116.19587807762593,2020,8,24,0,0
2020-08-25,160.42781610616663,2020,8,25,1,0
2020-08-26,143.46300051541033,2020,8,26,2,0
2020-08-27,173.74739650670256,2020,8,27,3,0
2020-08-28,140.84831504212406,2020,8,28,4,0
2020-08-29,154.4040009814401,2020,8,29,5,1
2020-08-30,166.7984753903872,2020,8,30,6,1
2020-08-31,174.0138336941805,2020,8,31,0,0
2020-09-01,125.99407185888447,2020,9,1,1,0
2020-09-02,143.30997528318102,2020,9,2,2,0
2020-09-03,140.50109377678086,2020,9,3,3,0
2020-09-04,136.93341534852576,2020,9,4,4,0
2020-09-05,185.30908480562192,2020,9,5,5,1
2020-09-06,158.0996342192191,2020,9,6,6,1
2020-09-07,124.78232091329909,2020,9,7,0,0
2020-09-08,168.35723894109552,2020,9,8,1,0
2020-09-09,192.44312394025266,2020,9,9,2,0
2020-09-10,170.64930521102295,2020,9,10,3,0
2020-09-11,119.61260068091974,2020,9,11,4,0
2020-09-12,140.31531854267496,2020,9,12,5,1
2020-09-13,175.33822298373246,2020,9,13,6,1
2020-09-14,135.84661068762438,2020,9,14,0,0
2020-09-15,158.87638856292457,2020,9,15,1,0
2020-09-16,165.49268106858673,2020,9,16,2,0
2020-09-17,131.46139056843833,2020,9,17,3,0
2020-09-18,148.809492878764,2020,9,18,4,0
2020-09-19,85.17465319861854,2020,9,19,5,1
2020-09-20,129.5122471733142,2020,9,20,6,1
2020-09-21,144.9486369721368,2020,9,21,0,0
2020-09-22,125.04433636070301,2020,9,22,1,0
2020-09-23,182.64822607863272,2020,9,23,2,0
2020-09-24,121.39717244078734,2020,9,24,3,0
2020-09-25,141.19911026606033,2020,9,25,4,0
2020-09-26,152.61481154572184,2020,9,26,5,1
2020-09-27,178.82546578132232,2020,9,27,6,1
2020-09-28,121.2827569764112,2020,9,28,0,0
2020-09-29,173.26327504309918,2020,9,29,1,0
2020-09-30,150.20466122039173,2020,9,30,2,0
2020-10-01,137.068556789819,2020,10,1,3,0
2020-10-02,165.94079929604345,2020,10,2,4,0
2020-10-03,160.67992372224745,2020,10,3,5,1
2020-10-04,144.69439226760215,2020,10,4,6,1
2020-10-05,158.09477151057843,2020,10,5,0,0
2020-10-06,148.99245787354283,2020,10,6,1,0
2020-10-07,158.969076715803,2020,10,7,2,0
2020-10-08,169.94134330119897,2020,10,8,3,0
2020-10-09,188.41906613368508,2020,10,9,4,0
2020-10-10,131.94241983424106,2020,10,10,5,1
2020-10-11,199.3593973039034,2020,10,11,6,1
2020-10-12,117.656973820328,2020,10,12,0,0
2020-10-13,153.66302791006638,2020,10,13,1,0
2020-10-14,168.46507394046958,2020,10,14,2,0
2020-10-15,162.3185671654787,2020,10,15,3,0
2020-10-16,144.24473941436617,2020,10,16,4,0
2020-10-17,152.53628480363255,2020,10,17,5,1
2020-10-18,146.8387111176014,2020,10,18,6,1
2020-10-19,144.91143467189383,2020,10,19,0,0
2020-10-20,173.69077175119855,2020,10,20,1,0
2020-10-21,163.839039530079,2020,10,21,2,0
2020-10-22,142.84053790556496,2020,10,22,3,0
2020-10-23,174.69072731944306,2020,10,23,4,0
2020-10-24,162.84472022831022,2020,10,24,5,1
2020-10-25,172.95597218755725,2020,10,25,6,1
2020-10-26,169.2913066492503,2020,10,26,0,0
2020-10-27,140.1188295923366,2020,10,27,1,0
2020-10-28,145.49510900683865,2020,10,28,2,0
2020-10-29,171.6446019132433,2020,10,29,3,0
2020-10-30,168.90613511944736,2020,10,30,4,0
2020-10-31,156.2806979314951,2020,10,31,5,1
2020-11-01,177.3465476661756,2020,11,1,6,1
2020-11-02,200.55329791576847,2020,11,2,0,0
2020-11-03,163.16857222328338,2020,11,3,1,0
2020-11-04,185.94194762340072,2020,11,4,2,0
2020-11-05,170.9561469513221,2020,11,5,3,0
2020-11-06,170.64637593545558,2020,11,6,4,0
2020-11-07,196.97553703974378,2020,11,7,5,1
2020-11-08,191.50832697976057,2020,11,8,6,1
2020-11-09,191.27019272001274,2020,11,9,0,0
2020-11-10,201.10957614308654,2020,11,10,1,0
2020-11-11,175.42007683265516,2020,11,11,2,0
2020-11-12,188.63905942589926,2020,11,12,3,0
2020-11-13,168.79466486813084,2020,11,13,4,0
2020-11-14,181.4833270497688,2020,11,14,5,1
2020-11-15,172.39713891264628,2020,11,15,6,1
2020-11-16,176.93991929985432,2020,11,16,0,0
2020-11-17,186.90314050873823,2020,11,17,1,0
2020-11-18,158.63558633533052,2020,11,18,2,0
2020-11-19,216.84774551370919,2020,11,19,3,0
2020-11-20,154.87965237000594,2020,11,20,4,0
2020-11-21,150.71622774424532,2020,11,21,5,1
2020-11-22,198.16221747000134,2020,11,22,6,1
2020-11-23,190.83325387925868,2020,11,23,0,0
2020-11-24,187.48239634104308,2020,11,24,1,0
2020-11-25,187.56691018528556,2020,11,25,2,0
2020-11-26,174.75506454306168,2020,11,26,3,0
2020-11-27,157.05491257028334,2020,11,27,4,0
2020-11-28,176.5160911638745,2020,11,28,5,1
2020-11-29,161.45676576975774,2020,11,29,6,1
2020-11-30,194.502394668355,2020,11,30,0,0
2020-12-01,197.05885236995724,2020,12,1,1,0
2020-12-02,183.49005606414977,2020,12,2,2,0
2020-12-03,193.57228316694014,2020,12,3,3,0
2020-12-04,208.2586290855125,2020,12,4,4,0
2020-12-05,188.72550894392052,2020,12,5,5,1
2020-12-06,183.55559208867137,2020,12,6,6,1
2020-12-07,204.87374422983825,2020,12,7,0,0
2020-12-08,204.89933142217444,2020,12,8,1,0
2020-12-09,189.8611364925774,2020,12,9,2,0
2020-12-10,190.57923388763354,2020,12,10,3,0
2020-12-11,204.64099874715274,2020,12,11,4,0
2020-12-12,171.03831317005353,2020,12,12,5,1
2020-12-13,171.8507245124689,2020,12,13,6,1
2020-12-14,185.63111557495128,2020,12,14,0,0
2020-12-15,195.73105696576306,2020,12,15,1,0
2020-12-16,206.2181513119601,2020,12,16,2,0
2020-12-17,229.50712433899105,2020,12,17,3,0
2020-12-18,217.1531924640404,2020,12,18,4,0
2020-12-19,196.80122940073147,2020,12,19,5,1
2020-12-20,199.61967584194622,2020,12,20,6,1
2020-12-21,179.94941270724382,2020,12,21,0,0
2020-12-22,199.6297372801522,2020,12,22,1,0
2020-12-23,194.22682722159723,2020,12,23,2,0
2020-12-24,206.45437120676178,2020,12,24,3,0
2020-12-25,183.45538112895355,2020,12,25,4,0
2020-12-26,210.38693028482345,2020,12,26,5,1
2020-12-27,230.65477826005156,2020,12,27,6,1
2020-12-28,197.82479703086284,2020,12,28,0,0
2020-12-29,208.03423444197884,2020,12,29,1,0
2020-12-30,213.80287983422224,2020,12,30,2,0
2020-12-31,191.9755905622833,2020,12,31,3,0
2021-01-01,279.4818496362083,2021,1,1,4,0
2021-01-02,275.2518480156359,2021,1,2,5,1
2021-01-03,276.9535219709766,2021,1,3,6,1
2021-01-04,259.5398043228907,2021,1,4,0,0
2021-01-05,275.4902034851789,2021,1,5,1,0
2021-01-06,284.959965824909,2021,1,6,2,0
2021-01-07,304.0228721559008,2021,1,7,3,0
2021-01-08,294.18541652170416,2021,1,8,4,0
2021-01-09,318.06364915023113,2021,1,9,5,1
2021-01-10,259.65304874223904,2021,1,10,6,1
2021-01-11,292.44641273441357,2021,1,11,0,0
2021-01-12,278.666840114767,2021,1,12,1,0
2021-01-13,318.79605866435344,2021,1,13,2,0
2021-01-14,258.83403429289694,2021,1,14,3,0
2021-01-15,258.20556315638447,2021,1,15,4,0
2021-01-16,263.0121470911196,2021,1,16,5,1
2021-01-17,232.52208551380386,2021,1,17,6,1
2021-01-18,264.4848995663848,2021,1,18,0,0
2021-01-19,259.81734676892603,2021,1,19,1,0
2021-01-20,278.00787572952413,2021,1,20,2,0
2021-01-21,281.83511951554317,2021,1,21,3,0
2021-01-22,312.5234167843177,2021,1,22,4,0
2021-01-23,294.008476763721,2021,1,23,5,1
2021-01-24,263.46192688675194,2021,1,24,6,1
2021-01-25,257.03170657303286,2021,1,25,0,0
2021-01-26,284.83838343013014,2021,1,26,1,0
2021-01-27,248.59533585958715,2021,1,27,2,0
2021-01-28,311.62917531708706,2021,1,28,3,0
2021-01-29,298.58880241442574,2021,1,29,4,0
2021-01-30,265.6164869579059,2021,1,30,5,1
2021-01-31,240.73730941818246,2021,1,31,6,1
2021-02-01,320.37871767253023,2021,2,1,0,0
2021-02-02,291.0104732841696,2021,2,2,1,0
2021-02-03,318.05759642869117,2021,2,3,2,0
2021-02-04,261.4127170133346,2021,2,4,3,0
2021-02-05,281.3137697301465,2021,2,5,4,0
2021-02-06,293.40614418358564,2021,2,6,5,1
2021-02-07,294.24088206451677,2021,2,7,6,1
2021-02-08,284.2999607596371,2021,2,8,0,0
2021-02-09,305.7582688361719,2021,2,9,1,0
2021-02-10,271.94886160157006,2021,2,10,2,0
2021-02-11,290.45368048879607,2021,2,11,3,0
2021-02-12,295.7071828234599,2021,2,12,4,0
2021-02-13,303.5900468703969,2021,2,13,5,1
2021-02-14,307.53356775099974,2021,2,14,6,1
2021-02-15,270.80842835246455,2021,2,15,0,0
2021-02-16,262.6189867745095,2021,2,16,1,0
2021-02-17,318.85480662719215,2021,2,17,2,0
2021-02-18,299.94755042881377,2021,2,18,3,0
2021-02-19,278.3315394580909,2021,2,19,4,0
2021-02-20,324.3243096996724,2021,2,20,5,1
2021-02-21,295.6147628750791,2021,2,21,6,1
2021-02-22,316.8872138704985,2021,2,22,0,0
2021-02-23,294.65163981742415,2021,2,23,1,0
2021-02-24,334.5162286868617,2021,2,24,2,0
2021-02-25,328.408087038086,2021,2,25,3,0
2021-02-26,288.3219872196405,2021,2,26,4,0
2021-02-27,312.73268920830907,2021,2,27,5,1
2021-02-28,306.2087891809249,2021,2,28,6,1
2021-03-01,327.37263115064695,2021,3,1,0,0
2021-03-02,280.7015307883979,2021,3,2,1,0
2021-03-03,313.72102919996877,2021,3,3,2,0
2021-03-04,321.1684897369918,2021,3,4,3,0
2021-03-05,264.8252102715377,2021,3,5,4,0
2021-03-06,276.3348297466845,2021,3,6,5,1
2021-03-07,259.215356444798,2021,3,7,6,1
2021-03-08,294.61186331110883,2021,3,8,0,0
2021-03-09,314.35084511591924,2021,3,9,1,0
2021-03-10,330.04714104192055,2021,3,10,2,0
2021-03-11,301.4818956083955,2021,3,11,3,0
2021-03-12,332.57231091142586,2021,3,12,4,0
2021-03-13,272.39797083570215,2021,3,13,5,1
2021-03-14,265.9323512128969,2021,3,14,6,1
2021-03-15,298.88904602206765,2021,3,15,0,0
2021-03-16,307.68130897878615,2021,3,16,1,0
2021-03-17,299.34610503811814,2021,3,17,2,0
2021-03-18,258.6511579992025,2021,3,18,3,0
2021-03-19,298.2175992097442,2021,3,19,4,0
2021-03-20,273.9106099899029,2021,3,20,5,1
2021-03-21,313.3934509766008,2021,3,21,6,1
2021-03-22,307.33196492193696,2021,3,22,0,0
2021-03-23,281.2024042734529,2021,3,23,1,0
2021-03-24,289.72266165326613,2021,3,24,2,0
2021-03-25,278.81572956222095,2021,3,25,3,0
2021-03-26,298.74641805453655,2021,3,26,4,0
2021-03-27,319.10284641002477,2021,3,27,5,1
2021-03-28,280.28547907328914,2021,3,28,6,1
2021-03-29,310.0809303103569,2021,3,29,0,0
2021-03-30,289.3948476325512,2021,3,30,1,0
2021-03-31,284.1425433547531,2021,3,31,2,0
2021-04-01,291.1606629901308,2021,4,1,3,0
2021-04-02,272.5964237408345,2021,4,2,4,0
2021-04-03,282.2282840822783,2021,4,3,5,1
2021-04-04,269.34371233744497,2021,4,4,6,1
2021-04-05,332.5957728475497,2021,4,5,0,0
2021-04-06,294.00654122865654,2021,4,6,1,0
2021-04-07,279.30676002937025,2021,4,7,2,0
2021-04-08,297.5808684039064,2021,4,8,3,0
2021-04-09,291.05470919540534,2021,4,9,4,0
2021-04-10,288.8818781985575,2021,4,10,5,1
2021-04-11,305.58460419009043,2021,4,11,6,1
2021-04-12,308.45142439016803,2021,4,12,0,0
2021-04-13,282.6912472370114,2021,4,13,1,0
2021-04-14,281.78490537632837,2021,4,14,2,0
2021-04-15,287.80023624618906,2021,4,15,3,0
2021-04-16,247.26284689451026,2021,4,16,4,0
2021-04-17,262.9974489452509,2021,4,17,5,1
2021-04-18,320.63875553811243,2021,4,18,6,1
2021-04-19,326.20062445924765,2021,4,19,0,0
2021-04-20,288.3205493980944,2021,4,20,1,0
2021-04-21,304.8324094503373,2021,4,21,2,0
2021-04-22,299.52627328009265,2021,4,22,3,0
2021-04-23,354.8788863583267,2021,4,23,4,0
2021-04-24,315.6927684179135,2021,4,24,5,1
2021-04-25,290.7429183596066,2021,4,25,6,1
2021-04-26,274.1904613772134,2021,4,26,0,0
2021-04-27,261.1723437840705,2021,4,27,1,0
2021-04-28,297.3705429065664,2021,4,28,2,0
2021-04-29,278.1742552835359,2021,4,29,3,0
2021-04-30,264.85619599726846,2021,4,30,4,0
2021-05-01,262.06854231514944,2021,5,1,5,1
2021-05-02,253.3690399277121,2021,5,2,6,1
2021-05-03,308.7428327014513,2021,5,3,0,0
2021-05-04,292.632795138989,2021,5,4,1,0
2021-05-05,274.84054717366763,2021,5,5,2,0
2021-05-06,304.5988827778005,2021,5,6,3,0
2021-05-07,276.54736615295235,2021,5,7,4,0
2021-05-08,257.77431597343474,2021,5,8,5,1
2021-05-09,305.46248154539313,2021,5,9,6,1
2021-05-10,285.77820087369315,2021,5,10,0,0
2021-05-11,254.25507691347087,2021,5,11,1,0
2021-05-12,271.1932264383278,2021,5,12,2,0
2021-05-13,257.48763493230484,2021,5,13,3,0
2021-05-14,247.34400538071327,2021,5,14,4,0
2021-05-15,293.52355095063285,2021,5,15,5,1
2021-05-16,313.1883328094026,2021,5,16,6,1
2021-05-17,247.02864852361716,2021,5,17,0,0
2021-05-18,286.25938473381143,2021,5,18,1,0
2021-05-19,261.98714861756343,2021,5,19,2,0
2021-05-20,265.25749232470605,2021,5,20,3,0
2021-05-21,263.15212151522263,2021,5,21,4,0
2021-05-22,257.7201846064037,2021,5,22,5,1
2021-05-23,275.97043255889656,2021,5,23,6,1
2021-05-24,258.38099767177926,2021,5,24,0,0
2021-05-25,280.4091365155968,2021,5,25,1,0
2021-05-26,273.99523781101726,2021,5,26,2,0
2021-05-27,270.2210390626718,2021,5,27,3,0
2021-05-28,256.848726759168,2021,5,28,4,0
2021-05-29,263.46457338863337,2021,5,29,5,1
2021-05-30,290.1078245165151,2021,5,30,6,1
2021-05-31,285.0183437524876,2021,5,31,0,0
2021-06-01,230.44889510402896,2021,6,1,1,0
2021-06-02,251.98664610858452,2021,6,2,2,0
2021-06-03,265.02774246743576,2021,6,3,3,0
2021-06-04,216.61189437757258,2021,6,4,4,0
2021-06-05,260.8672038475987,2021,6,5,5,1
2021-06-06,236.74752482108306,2021,6,6,6,1
2021-06-07,261.4119733718632,2021,6,7,0,0
2021-06-08,234.73481686914965,2021,6,8,1,0
2021-06-09,213.9023579867096,2021,6,9,2,0
2021-06-10,217.44915124233674,2021,6,10,3,0
2021-06-11,250.96169893322764,2021,6,11,4,0
2021-06-12,255.19445003442965,2021,6,12,5,1
2021-06-13,231.91366749791183,2021,6,13,6,1
2021-06-14,262.77184917554746,2021,6,14,0,0
2021-06-15,216.7695987546208,2021,6,15,1,0
2021-06-16,248.67840402705366,2021,6,16,2,0
2021-06-17,225.77967600475085,2021,6,17,3,0
2021-06-18,236.9632778439568,2021,6,18,4,0
2021-06-19,250.94797342632828,2021,6,19,5,1
2021-06-20,232.79173269432096,2021,6,20,6,1
2021-06-21,242.3088891154035,2021,6,21,0,0
2021-06-22,270.1258561842888,2021,6,22,1,0
2021-06-23,238.46216260953702,2021,6,23,2,0
2021-06-24,266.7138422413028,2021,6,24,3,0
2021-06-25,227.40586290684763,2021,6,25,4,0
2021-06-26,260.5960835583057,2021,6,26,5,1
2021-06-27,278.831372413158,2021,6,27,6,1
2021-06-28,200.56710999745422,2021,6,28,0,0
2021-06-29,234.06209489059046,2021,6,29,1,0
2021-06-30,261.5414425436108,2021,6,30,2,0
2021-07-01,220.93909227914014,2021,7,1,3,0
2021-07-02,232.42291746742617,2021,7,2,4,0
2021-07-03,212.9202962656836,2021,7,3,5,1
2021-07-04,226.731795749458,2021,7,4,6,1
2021-07-05,221.88645529215842,2021,7,5,0,0
2021-07-06,248.35564123319614,2021,7,6,1,0
2021-07-07,230.08841686602426,2021,7,7,2,0
2021-07-08,231.75205324150403,2021,7,8,3,0
2021-07-09,216.76246067755065,2021,7,9,4,0
2021-07-10,215.24787551855013,2021,7,10,5,1
2021-07-11,216.3488362436076,2021,7,11,6,1
2021-07-12,232.88904284756595,2021,7,12,0,0
2021-07-13,216.58031038359474,2021,7,13,1,0
2021-07-14,230.79549713792827,2021,7,14,2,0
2021-07-15,266.50801597290877,2021,7,15,3,0
2021-07-16,242.42249406863385,2021,7,16,4,0
2021-07-17,218.47952935664318,2021,7,17,5,1
2021-07-18,249.0242784432789,2021,7,18,6,1
2021-07-19,216.83849253956896,2021,7,19,0,0
2021-07-20,184.2375092964429,2021,7,20,1,0
2021-07-21,204.8382737816519,2021,7,21,2,0
2021-07-22,187.5841615794829,2021,7,22,3,0
2021-07-23,217.96973031917383,2021,7,23,4,0
2021-07-24,225.36836758379104,2021,7,24,5,1
2021-07-25,258.52874624550566,2021,7,25,6,1
2021-07-26,231.53854747528325,2021,7,26,0,0
2021-07-27,220.6179894238227,2021,7,27,1,0
2021-07-28,241.5881116236698,2021,7,28,2,0
2021-07-29,180.7772938198423,2021,7,29,3,0
2021-07-30,229.7122911621713,2021,7,30,4,0
2021-07-31,240.41730387773933,2021,7,31,5,1
2021-08-01,177.12700489518124,2021,8,1,6,1
2021-08-02,229.57381067491667,2021,8,2,0,0
2021-08-03,213.46865796066635,2021,8,3,1,0
2021-08-04,198.39297153276206,2021,8,4,2,0
2021-08-05,219.35436713290377,2021,8,5,3,0
2021-08-06,252.112586966866,2021,8,6,4,0
2021-08-07,210.33605491194797,2021,8,7,5,1
2021-08-08,211.6631415367848,2021,8,8,6,1
2021-08-09,197.51151181997318,2021,8,9,0,0
2021-08-10,189.70184242148224,2021,8,10,1,0
2021-08-11,223.305446141663,2021,8,11,2,0
2021-08-12,189.57705329260074,2021,8,12,3,0
2021-08-13,208.1300545551659,2021,8,13,4,0
2021-08-14,197.14558087547573,2021,8,14,5,1
2021-08-15,216.2783263257059,2021,8,15,6,1
2021-08-16,213.37197191651705,2021,8,16,0,0
2021-08-17,227.44952869593607,2021,8,17,1,0
2021-08-18,196.49840183368315,2021,8,18,2,0
2021-08-19,201.30123110491064,2021,8,19,3,0
2021-08-20,187.12345549513194,2021,8,20,4,0
2021-08-21,197.81286460925585,2021,8,21,5,1
2021-08-22,214.24473967167512,2021,8,22,6,1
2021-08-23,221.8385021436851,2021,8,23,0,0
2021-08-24,188.25542332722557,2021,8,24,1,0
2021-08-25,224.09084821289127,2021,8,25,2,0
2021-08-26,233.8114869868771,2021,8,26,3,0
2021-08-27,214.9674278752521,2021,8,27,4,0
2021-08-28,244.2346460619394,2021,8,28,5,1
2021-08-29,191.22294582870663,2021,8,29,6,1
2021-08-30,181.80563574454973,2021,8,30,0,0
2021-08-31,171.1243248326925,2021,8,31,1,0
2021-09-01,229.92088622978366,2021,9,1,2,0
2021-09-02,213.08731312708116,2021,9,2,3,0
2021-09-03,198.88830658179089,2021,9,3,4,0
2021-09-04,205.5993725263964,2021,9,4,5,1
2021-09-05,177.49021905403248,2021,9,5,6,1
2021-09-06,248.91503959233654,2021,9,6,0,0
2021-09-07,202.58442363950456,2021,9,7,1,0
2021-09-08,202.18789589209786,2021,9,8,2,0
2021-09-09,214.51533247797383,2021,9,9,3,0
2021-09-10,209.62018463473427,2021,9,10,4,0
2021-09-11,204.47768048558262,2021,9,11,5,1
2021-09-12,184.19051089109377,2021,9,12,6,1
2021-09-13,209.4293671427199,2021,9,13,0,0
2021-09-14,237.6404899295007,2021,9,14,1,0
2021-09-15,226.90840092309955,2021,9,15,2,0
2021-09-16,231.86373253278794,2021,9,16,3,0
2021-09-17,189.7756864713763,2021,9,17,4,0
2021-09-18,180.2079035948284,2021,9,18,5,1
2021-09-19,197.48426159800704,2021,9,19,6,1
2021-09-20,201.1144982457739,2021,9,20,0,0
2021-09-21,221.88383036941897,2021,9,21,1,0
2021-09-22,166.1507074057036,2021,9,22,2,0
2021-09-23,230.59100638921228,2021,9,23,3,0
2021-09-24,196.8398420284202,2021,9,24,4,0
2021-09-25,191.4623786010516,2021,9,25,5,1
2021-09-26,179.75791249479664,2021,9,26,6,1
2021-09-27,166.9028665626846,2021,9,27,0,0
2021-09-28,216.46341167923828,2021,9,28,1,0
2021-09-29,201.4663593437681,2021,9,29,2,0
2021-09-30,174.20078200517892,2021,9,30,3,0
2021-10-01,180.79715436950573,2021,10,1,4,0
2021-10-02,199.98303582497547,2021,10,2,5,1
2021-10-03,240.0791603165659,2021,10,3,6,1
2021-10-04,201.50690278350595,2021,10,4,0,0
2021-10-05,176.63587074841593,2021,10,5,1,0
2021-10-06,201.78386852905916,2021,10,6,2,0
2021-10-07,201.24425841582465,2021,10,7,3,0
2021-10-08,152.76099695194662,2021,10,8,4,0
2021-10-09,205.61283248042182,2021,10,9,5,1
2021-10-10,202.08003920660448,2021,10,10,6,1
2021-10-11,220.6228571070464,2021,10,11,0,0
2021-10-12,243.67785170968494,2021,10,12,1,0
2021-10-13,229.2300304017332,2021,10,13,2,0
2021-10-14,201.32095599968144,2021,10,14,3,0
2021-10-15,184.56821163594464,2021,10,15,4,0
2021-10-16,258.16592587577526,2021,10,16,5,1
2021-10-17,207.8830984910678,2021,10,17,6,1
2021-10-18,206.97731564903697,2021,10,18,0,0
2021-10-19,206.21622806857798,2021,10,19,1,0
2021-10-20,210.66042502613516,2021,10,20,2,0
2021-10-21,203.8115215722992,2021,10,21,3,0
2021-10-22,195.2254896731733,2021,10,22,4,0
2021-10-23,195.76155098597022,2021,10,23,5,1
2021-10-24,206.04366440645808,2021,10,24,6,1
2021-10-25,195.83023438810275,2021,10,25,0,0
2021-10-26,192.44181415723477,2021,10,26,1,0
2021-10-27,208.82733436461598,2021,10,27,2,0
2021-10-28,201.59918546236094,2021,10,28,3,0
2021-10-29,236.77858958243183,2021,10,29,4,0
2021-10-30,153.6793336429178,2021,10,30,5,1
2021-10-31,228.52886684922728,2021,10,31,6,1
2021-11-01,249.92170384995256,2021,11,1,0,0
2021-11-02,183.53219535183698,2021,11,2,1,0
2021-11-03,218.146248118393,2021,11,3,2,0
2021-11-04,217.57118268008415,2021,11,4,3,0
2021-11-05,196.84976610564354,2021,11,5,4,0
2021-11-06,209.44366624818247,2021,11,6,5,1
2021-11-07,202.7884830906834,2021,11,7,6,1
2021-11-08,260.0454088684724,2021,11,8,0,0
2021-11-09,243.7135678629492,2021,11,9,1,0
2021-11-10,250.43110189988315,2021,11,10,2,0
2021-11-11,239.43344128086468,2021,11,11,3,0
2021-11-12,202.4189645756554,2021,11,12,4,0
2021-11-13,214.5095946744045,2021,11,13,5,1
2021-11-14,234.78749122455832,2021,11,14,6,1
2021-11-15,200.55744382216108,2021,11,15,0,0
2021-11-16,239.25996860344773,2021,11,16,1,0
2021-11-17,220.19349203683728,2021,11,17,2,0
2021-11-18,217.503583849008,2021,11,18,3,0
2021-11-19,239.2191993640698,2021,11,19,4,0
2021-11-20,233.88526622972077,2021,11,20,5,1
2021-11-21,217.78067668361837,2021,11,21,6,1
2021-11-22,248.18659606728494,2021,11,22,0,0
2021-11-23,203.37873344800204,2021,11,23,1,0
2021-11-24,237.31871213888525,2021,11,24,2,0
2021-11-25,236.86202515936765,2021,11,25,3,0
2021-11-26,218.80907121372016,2021,11,26,4,0
2021-11-27,231.52266044484233,2021,11,27,5,1
2021-11-28,199.9777284722939,2021,11,28,6,1
2021-11-29,243.48054038413798,2021,11,29,0,0
2021-11-30,221.3019572711402,2021,11,30,1,0
2021-12-01,239.5455395896192,2021,12,1,2,0
2021-12-02,270.9801845167378,2021,12,2,3,0
2021-12-03,235.9131261891448,2021,12,3,4,0
2021-12-04,221.83077407272881,2021,12,4,5,1
2021-12-05,218.86741652952193,2021,12,5,6,1
2021-12-06,262.1201990269128,2021,12,6,0,0
2021-12-07,224.39141295007434,2021,12,7,1,0
2021-12-08,285.0958836396873,2021,12,8,2,0
2021-12-09,208.36141184232557,2021,12,9,3,0
2021-12-10,283.92912736580075,2021,12,10,4,0
2021-12-11,254.22034934405238,2021,12,11,5,1
2021-12-12,248.06573776259216,2021,12,12,6,1
2021-12-13,239.101618263821,2021,12,13,0,0
2021-12-14,257.98272228704144,2021,12,14,1,0
2021-12-15,249.24730595150302,2021,12,15,2,0
2021-12-16,272.0660376403304,2021,12,16,3,0
2021-12-17,252.2845529732408,2021,12,17,4,0
2021-12-18,253.00603522923754,2021,12,18,5,1
2021-12-19,242.72775575572288,2021,12,19,6,1
2021-12-20,248.86108752557865,2021,12,20,0,0
2021-12-21,256.1560353778412,2021,12,21,1,0
2021-12-22,215.7966321468675,2021,12,22,2,0
2021-12-23,223.03629155788573,2021,12,23,3,0
2021-12-24,264.8652818804543,2021,12,24,4,0
2021-12-25,253.41730876255883,2021,12,25,5,1
2021-12-26,246.3203332729464,2021,12,26,6,1
2021-12-27,250.36867866130785,2021,12,27,0,0
2021-12-28,256.9516341072334,2021,12,28,1,0
2021-12-29,239.20480639381276,2021,12,29,2,0
2021-12-30,234.43390549195374,2021,12,30,3,0
2021-12-31,253.91690510195363,2021,12,31,4,0
2022-01-01,305.43254444769934,2022,1,1,5,1
2022-01-02,333.16505511428943,2022,1,2,6,1
2022-01-03,290.94832791524317,2022,1,3,0,0
2022-01-04,345.5831127465129,2022,1,4,1,0
2022-01-05,334.45194964826084,2022,1,5,2,0
2022-01-06,330.1205946862775,2022,1,6,3,0
2022-01-07,344.6538196789103,2022,1,7,4,0
2022-01-08,358.30948888925155,2022,1,8,5,1
2022-01-09,345.2874013003626,2022,1,9,6,1
2022-01-10,288.1825153733671,2022,1,10,0,0
2022-01-11,299.408460665286,2022,1,11,1,0
2022-01-12,312.5036284460864,2022,1,12,2,0
2022-01-13,325.5218210042167,2022,1,13,3,0
2022-01-14,335.35318040938245,2022,1,14,4,0
2022-01-15,310.4851237369307,2022,1,15,5,1
2022-01-16,328.7353352895416,2022,1,16,6,1
2022-01-17,309.89234135293356,2022,1,17,0,0
2022-01-18,312.769643940161,2022,1,18,1,0
2022-01-19,296.86677806303555,2022,1,19,2,0
2022-01-20,306.5353350777819,2022,1,20,3,0
2022-01-21,297.96630788767334,2022,1,21,4,0
2022-01-22,305.4825349404533,2022,1,22,5,1
2022-01-23,346.0728359321568,2022,1,23,6,1
2022-01-24,306.01202222336116,2022,1,24,0,0
2022-01-25,377.6476412967478,2022,1,25,1,0
2022-01-26,334.8663580176178,2022,1,26,2,0
2022-01-27,328.69672247389747,2022,1,27,3,0
2022-01-28,307.8328443963757,2022,1,28,4,0
2022-01-29,339.0061975881798,2022,1,29,5,1
2022-01-30,313.4872434752445,2022,1,30,6,1
2022-01-31,327.4401962929072,2022,1,31,0,0
2022-02-01,394.5029609545978,2022,2,1,1,0
2022-02-02,341.38007219472894,2022,2,2,2,0
2022-02-03,366.28673671493544,2022,2,3,3,0
2022-02-04,329.2377416867042,2022,2,4,4,0
2022-02-05,342.6015003792827,2022,2,5,5,1
2022-02-06,378.71728290193215,2022,2,6,6,1
2022-02-07,330.76192903346663,2022,2,7,0,0
2022-02-08,379.5502413491605,2022,2,8,1,0
2022-02-09,357.4563088983315,2022,2,9,2,0
2022-02-10,332.0519346713366,2022,2,10,3,0
2022-02-11,355.94942497033236,2022,2,11,4,0
2022-02-12,362.75235918175656,2022,2,12,5,1
2022-02-13,355.7374694335659,2022,2,13,6,1
2022-02-14,311.89677579141284,2022,2,14,0,0
2022-02-15,328.7585266727246,2022,2,15,1,0
2022-02-16,338.3508974781919,2022,2,16,2,0
2022-02-17,341.81260160722104,2022,2,17,3,0
2022-02-18,355.7147121402355,2022,2,18,4,0
2022-02-19,346.85529020788704,2022,2,19,5,1
2022-02-20,316.59438301501996,2022,2,20,6,1
2022-02-21,350.9052272093412,2022,2,21,0,0
2022-02-22,355.5129850948984,2022,2,22,1,0
2022-02-23,354.4970791478427,2022,2,23,2,0
2022-02-24,364.91688470031437,2022,2,24,3,0
2022-02-25,359.97971328020003,2022,2,25,4,0
2022-02-26,352.4848717737907,2022,2,26,5,1
2022-02-27,341.897955960049,2022,2,27,6,1
2022-02-28,310.0820515189021,2022,2,28,0,0
2022-03-01,358.59236438265174,2022,3,1,1,0
2022-03-02,354.1537537432622,2022,3,2,2,0
2022-03-03,355.43157674390744,2022,3,3,3,0
2022-03-04,324.4650284835938,2022,3,4,4,0
2022-03-05,328.3788691918347,2022,3,5,5,1
2022-03-06,371.0630570666581,2022,3,6,6,1
2022-03-07,349.2088969228669,2022,3,7,0,0
2022-03-08,363.6300139474525,2022,3,8,1,0
2022-03-09,350.5663675226092,2022,3,9,2,0
2022-03-10,350.5951227899149,2022,3,10,3,0
2022-03-11,368.76567611952,2022,3,11,4,0
2022-03-12,339.6791054356525,2022,3,12,5,1
2022-03-13,351.9224155388197,2022,3,13,6,1
2022-03-14,340.7544942258992,2022,3,14,0,0
2022-03-15,341.31007545135367,2022,3,15,1,0
2022-03-16,343.8165575306272,2022,3,16,2,0
2022-03-17,354.44267543267426,2022,3,17,3,0
2022-03-18,340.4250275667305,2022,3,18,4,0
2022-03-19,375.1151225114704,2022,3,19,5,1
2022-03-20,332.1078539556099,2022,3,20,6,1
2022-03-21,346.2625671167728,2022,3,21,0,0
2022-03-22,341.2053788345165,2022,3,22,1,0
2022-03-23,378.9395576870747,2022,3,23,2,0
2022-03-24,353.9310955302315,2022,3,24,3,0
2022-03-25,370.63689078937267,2022,3,25,4,0
2022-03-26,320.28879253926056,2022,3,26,5,1
2022-03-27,355.34100531738517,2022,3,27,6,1
2022-03-28,367.79261591246876,2022,3,28,0,0
2022-03-29,351.6456797855085,2022,3,29,1,0
2022-03-30,371.309607501307,2022,3,30,2,0
2022-03-31,339.65423099799256,2022,3,31,3,0
2022-04-01,371.4882189929335,2022,4,1,4,0
2022-04-02,389.27923266160695,2022,4,2,5,1
2022-04-03,336.0444989804288,2022,4,3,6,1
2022-04-04,334.3912197612065,2022,4,4,0,0
2022-04-05,372.36895973157596,2022,4,5,1,0
2022-04-06,374.8927131038362,2022,4,6,2,0
2022-04-07,332.8440696461566,2022,4,7,3,0
2022-04-08,334.8975338473048,2022,4,8,4,0
2022-04-09,337.6655780120118,2022,4,9,5,1
2022-04-10,316.41225996853643,2022,4,10,6,1
2022-04-11,324.928231259538,2022,4,11,0,0
2022-04-12,323.2184548541806,2022,4,12,1,0
2022-04-13,327.94531888713936,2022,4,13,2,0
2022-04-14,342.60757244148635,2022,4,14,3,0
2022-04-15,347.98556483995236,2022,4,15,4,0
2022-04-16,374.3112800455035,2022,4,16,5,1
2022-04-17,323.3341893744461,2022,4,17,6,1
2022-04-18,362.98771815875364,2022,4,18,0,0
2022-04-19,339.0214933047118,2022,4,19,1,0
2022-04-20,342.31199599617327,2022,4,20,2,0
2022-04-21,356.797660032554,2022,4,21,3,0
2022-04-22,320.84682975797597,2022,4,22,4,0
2022-04-23,350.94946511290294,2022,4,23,5,1
2022-04-24,346.6303143534831,2022,4,24,6,1
2022-04-25,353.15029546938496,2022,4,25,0,0
2022-04-26,349.0846430673783,2022,4,26,1,0
2022-04-27,392.40727298743985,2022,4,27,2,0
2022-04-28,330.5464705041956,2022,4,28,3,0
2022-04-29,332.6813310891856,2022,4,29,4,0
2022-04-30,330.83845966072664,2022,4,30,5,1
2022-05-01,313.8904576167949,2022,5,1,6,1
2022-05-02,312.2522574538697,2022,5,2,0,0
2022-05-03,348.78033062215104,2022,5,3,1,0
2022-05-04,353.4100849597971,2022,5,4,2,0
2022-05-05,313.58507412501046,2022,5,5,3,0
2022-05-06,308.3528885379154,2022,5,6,4,0
2022-05-07,334.4283111277281,2022,5,7,5,1
2022-05-08,313.9555391143806,2022,5,8,6,1
2022-05-09,337.6586363551102,2022,5,9,0,0
2022-05-10,329.05846041702597,2022,5,10,1,0
2022-05-11,294.68511770005534,2022,5,11,2,0
2022-05-12,355.95010402660125,2022,5,12,3,0
2022-05-13,360.9175534619104,2022,5,13,4,0
2022-05-14,312.74422619031225,2022,5,14,5,1
2022-05-15,317.2459688012803,2022,5,15,6,1
2022-05-16,330.7173078144981,2022,5,16,0,0
2022-05-17,331.6891357997405,2022,5,17,1,0
2022-05-18,338.1708854534566,2022,5,18,2,0
2022-05-19,365.204090775327,2022,5,19,3,0
2022-05-20,321.46105545011903,2022,5,20,4,0
2022-05-21,309.0340551092309,2022,5,21,5,1
2022-05-22,297.4136154397095,2022,5,22,6,1
2022-05-23,310.3813992011616,2022,5,23,0,0
2022-05-24,324.33746054252407,2022,5,24,1,0
2022-05-25,360.89115727035573,2022,5,25,2,0
2022-05-26,314.6477740192766,2022,5,26,3,0
2022-05-27,329.47575903277794,2022,5,27,4,0
2022-05-28,324.671542078545,2022,5,28,5,1
2022-05-29,348.7678654689617,2022,5,29,6,1
2022-05-30,375.53864851747244,2022,5,30,0,0
2022-05-31,314.3826245415936,2022,5,31,1,0
2022-06-01,290.2112111496356,2022,6,1,2,0
2022-06-02,320.88321754138144,2022,6,2,3,0
2022-06-03,313.63782979252625,2022,6,3,4,0
2022-06-04,336.9341465147207,2022,6,4,5,1
2022-06-05,311.6785637065193,2022,6,5,6,1
2022-06-06,292.8141581842588,2022,6,6,0,0
2022-06-07,311.8130966138462,2022,6,7,1,0
2022-06-08,322.1740716116582,2022,6,8,2,0
2022-06-09,316.40964362394726,2022,6,9,3,0
2022-06-10,310.14548062214595,2022,6,10,4,0
2022-06-11,321.3334937917831,2022,6,11,5,1
2022-06-12,323.3859118089135,2022,6,12,6,1
2022-06-13,327.64317982075056,2022,6,13,0,0
2022-06-14,312.9741977517929,2022,6,14,1,0
2022-06-15,296.6576383936629,2022,6,15,2,0
2022-06-16,302.9342737286665,2022,6,16,3,0
2022-06-17,324.13017933016715,2022,6,17,4,0
2022-06-18,283.66128658025525,2022,6,18,5,1
2022-06-19,307.373466177458,2022,6,19,6,1
2022-06-20,292.1332237534528,2022,6,20,0,0
2022-06-21,300.57489645869634,2022,6,21,1,0
2022-06-22,325.56903725214596,2022,6,22,2,0
2022-06-23,303.82198136039807,2022,6,23,3,0
2022-06-24,300.928730963123,2022,6,24,4,0
2022-06-25,272.8028771804016,2022,6,25,5,1
2022-06-26,314.9250713205444,2022,6,26,6,1
2022-06-27,312.9096836228215,2022,6,27,0,0
2022-06-28,343.2650944661092,2022,6,28,1,0
2022-06-29,293.84443530094,2022,6,29,2,0
2022-06-30,304.3830065532788,2022,6,30,3,0
2022-07-01,279.9876736742151,2022,7,1,4,0
2022-07-02,306.5490655952695,2022,7,2,5,1
2022-07-03,273.09408935226094,2022,7,3,6,1
2022-07-04,280.58043051540676,2022,7,4,0,0
2022-07-05,287.1579301943308,2022,7,5,1,0
2022-07-06,278.7321824631272,2022,7,6,2,0
2022-07-07,266.07132770898943,2022,7,7,3,0
2022-07-08,278.88179985796614,2022,7,8,4,0
2022-07-09,296.4726349971954,2022,7,9,5,1
2022-07-10,254.46969401177878,2022,7,10,6,1
2022-07-11,277.6593934829375,2022,7,11,0,0
2022-07-12,260.9975837012165,2022,7,12,1,0
2022-07-13,298.90093257849685,2022,7,13,2,0
2022-07-14,244.5362619043245,2022,7,14,3,0
2022-07-15,263.82156305456823,2022,7,15,4,0
2022-07-16,282.5442375012904,2022,7,16,5,1
2022-07-17,306.3104805846868,2022,7,17,6,1
2022-07-18,273.6849947785403,2022,7,18,0,0
2022-07-19,263.89600946613604,2022,7,19,1,0
2022-07-20,312.6231413888118,2022,7,20,2,0
2022-07-21,246.03972199167512,2022,7,21,3,0
2022-07-22,231.02388086759836,2022,7,22,4,0
2022-07-23,283.80028900106663,2022,7,23,5,1
2022-07-24,264.9589155129478,2022,7,24,6,1
2022-07-25,254.57534365738573,2022,7,25,0,0
2022-07-26,289.1671289459871,2022,7,26,1,0
2022-07-27,279.876014275424,2022,7,27,2,0
2022-07-28,263.71842738526544,2022,7,28,3,0
2022-07-29,249.39391202658211,2022,7,29,4,0
2022-07-30,292.4491465656029,2022,7,30,5,1
2022-07-31,288.0040235591732,2022,7,31,6,1
2022-08-01,254.71521253519046,2022,8,1,0,0
2022-08-02,293.63146973173144,2022,8,2,1,0
2022-08-03,235.29703448425505,2022,8,3,2,0
2022-08-04,226.18822639228333,2022,8,4,3,0
2022-08-05,242.8605684131532,2022,8,5,4,0
2022-08-06,255.78700948366816,2022,8,6,5,1
2022-08-07,261.56551879723196,2022,8,7,6,1
2022-08-08,251.87400865365152,2022,8,8,0,0
2022-08-09,263.73983774106404,2022,8,9,1,0
2022-08-10,231.6679413269692,2022,8,10,2,0
2022-08-11,285.5740218922433,2022,8,11,3,0
2022-08-12,255.05570624292673,2022,8,12,4,0
2022-08-13,279.0446464425407,2022,8,13,5,1
2022-08-14,263.5532367383322,2022,8,14,6,1
2022-08-15,265.8337941938538,2022,8,15,0,0
2022-08-16,268.0940754154222,2022,8,16,1,0
2022-08-17,265.6529010111244,2022,8,17,2,0
2022-08-18,269.553185008129,2022,8,18,3,0
2022-08-19,283.28178041342676,2022,8,19,4,0
2022-08-20,260.6291532048075,2022,8,20,5,1
2022-08-21,270.8788049625484,2022,8,21,6,1
2022-08-22,254.90401592503358,2022,8,22,0,0
2022-08-23,285.50107411976757,2022,8,23,1,0
2022-08-24,243.1708837695927,2022,8,24,2,0
2022-08-25,292.7175384689944,2022,8,25,3,0
2022-08-26,255.89557079789122,2022,8,26,4,0
2022-08-27,228.08322776841715,2022,8,27,5,1
2022-08-28,259.2608181089939,2022,8,28,6,1
2022-08-29,243.0776966612805,2022,8,29,0,0
2022-08-30,273.51160079055256,2022,8,30,1,0
2022-08-31,243.6462502247303,2022,8,31,2,0
2022-09-01,241.0763313357044,2022,9,1,3,0
2022-09-02,212.20918538108938,2022,9,2,4,0
2022-09-03,240.95387361501847,2022,9,3,5,1
2022-09-04,201.52241346742088,2022,9,4,6,1
2022-09-05,218.32194353028552,2022,9,5,0,0
2022-09-06,265.20829312288595,2022,9,6,1,0
2022-09-07,265.71600317301665,2022,9,7,2,0
2022-09-08,258.5091512356993,2022,9,8,3,0
2022-09-09,230.66047713741574,2022,9,9,4,0
2022-09-10,249.0457728771604,2022,9,10,5,1
2022-09-11,249.92794921818864,2022,9,11,6,1
2022-09-12,226.83270621614915,2022,9,12,0,0
2022-09-13,280.06796603534303,2022,9,13,1,0
2022-09-14,267.54724581151345,2022,9,14,2,0
2022-09-15,245.58071652340672,2022,9,15,3,0
2022-09-16,250.53771677989062,2022,9,16,4,0
2022-09-17,254.16765615895105,2022,9,17,5,1
2022-09-18,209.16530263151418,2022,9,18,6,1
2022-09-19,245.05645234958806,2022,9,19,0,0
2022-09-20,236.36031504004404,2022,9,20,1,0
2022-09-21,229.9675998021017,2022,9,21,2,0
2022-09-22,244.3779941422809,2022,9,22,3,0
2022-09-23,285.95373053699046,2022,9,23,4,0
2022-09-24,262.8168572253402,2022,9,24,5,1
2022-09-25,238.57642020434406,2022,9,25,6,1
2022-09-26,261.45165562712316,2022,9,26,0,0
2022-09-27,277.98710873172,2022,9,27,1,0
2022-09-28,268.4926736582554,2022,9,28,2,0
2022-09-29,251.19260739840348,2022,9,29,3,0
2022-09-30,237.06126444588853,2022,9,30,4,0
2022-10-01,270.66319608304985,2022,10,1,5,1
2022-10-02,264.56843751921303,2022,10,2,6,1
2022-10-03,274.6025942113327,2022,10,3,0,0
2022-10-04,269.4021658444174,2022,10,4,1,0
2022-10-05,277.6897841171648,2022,10,5,2,0
2022-10-06,245.99402557956668,2022,10,6,3,0
2022-10-07,283.0466111234646,2022,10,7,4,0
2022-10-08,260.65072190462604,2022,10,8,5,1
2022-10-09,298.20394726328334,2022,10,9,6,1
2022-10-10,242.9149734489867,2022,10,10,0,0
2022-10-11,291.41800587408306,2022,10,11,1,0
2022-10-12,260.656945480031,2022,10,12,2,0
2022-10-13,243.6703697384891,2022,10,13,3,0
2022-10-14,247.02101312969162,2022,10,14,4,0
2022-10-15,250.29178364689164,2022,10,15,5,1
2022-10-16,265.1820487388164,2022,10,16,6,1
2022-10-17,267.15543957148805,2022,10,17,0,0
2022-10-18,245.22472973200647,2022,10,18,1,0
2022-10-19,256.2116379655584,2022,10,19,2,0
2022-10-20,299.54413698301533,2022,10,20,3,0
2022-10-21,291.24959321279226,2022,10,21,4,0
2022-10-22,265.4252032042587,2022,10,22,5,1
2022-10-23,257.4587993741421,2022,10,23,6,1
2022-10-24,259.0993563451433,2022,10,24,0,0
2022-10-25,268.9690892653864,2022,10,25,1,0
2022-10-26,236.24287850680994,2022,10,26,2,0
2022-10-27,251.55119906231116,2022,10,27,3,0
2022-10-28,223.32704833322626,2022,10,28,4,0
2022-10-29,264.6831922628836,2022,10,29,5,1
2022-10-30,269.64264860483286,2022,10,30,6,1
2022-10-31,247.03500056479058,2022,10,31,0,0
2022-11-01,306.4797352658006,2022,11,1,1,0
2022-11-02,250.4846867399532,2022,11,2,2,0
2022-11-03,245.7125023958036,2022,11,3,3,0
2022-11-04,279.48903637119946,2022,11,4,4,0
2022-11-05,295.94196605224306,2022,11,5,5,1
2022-11-06,308.67855382915735,2022,11,6,6,1
2022-11-07,265.8223147426212,2022,11,7,0,0
2022-11-08,296.5736166686259,2022,11,8,1,0
2022-11-09,274.22983060998587,2022,11,9,2,0
2022-11-10,271.5474540011836,2022,11,10,3,0
2022-11-11,292.67319874973344,2022,11,11,4,0
2022-11-12,288.0464575682684,2022,11,12,5,1
2022-11-13,243.472156860315,2022,11,13,6,1
2022-11-14,304.5308069945179,2022,11,14,0,0
2022-11-15,302.60182708294906,2022,11,15,1,0
2022-11-16,262.48874596980943,2022,11,16,2,0
2022-11-17,282.9160706687482,2022,11,17,3,0
2022-11-18,284.8806037256548,2022,11,18,4,0
2022-11-19,280.21347531647814,2022,11,19,5,1
2022-11-20,263.9938969230916,2022,11,20,6,1
2022-11-21,261.567532641239,2022,11,21,0,0
2022-11-22,274.4889185801711,2022,11,22,1,0
2022-11-23,298.4545803851873,2022,11,23,2,0
2022-11-24,285.87200309188864,2022,11,24,3,0
2022-11-25,267.5877133582779,2022,11,25,4,0
2022-11-26,290.4339742129669,2022,11,26,5,1
2022-11-27,218.02914758739848,2022,11,27,6,1
2022-11-28,297.9753140074421,2022,11,28,0,0
2022-11-29,240.20572442443802,2022,11,29,1,0
2022-11-30,267.75118117193733,2022,11,30,2,0
2022-12-01,277.6066021074771,2022,12,1,3,0
2022-12-02,274.10637048558186,2022,12,2,4,0
2022-12-03,323.2165357475704,2022,12,3,5,1
2022-12-04,290.6459759737622,2022,12,4,6,1
2022-12-05,306.9300776346143,2022,12,5,0,0
2022-12-06,299.0615884224163,2022,12,6,1,0
2022-12-07,309.5408165444624,2022,12,7,2,0
2022-12-08,301.5364378212051,2022,12,8,3,0
2022-12-09,274.3401555162286,2022,12,9,4,0
2022-12-10,319.9253363889428,2022,12,10,5,1
2022-12-11,290.1248683367738,2022,12,11,6,1
2022-12-12,268.86836202680496,2022,12,12,0,0
2022-12-13,291.43769678068173,2022,12,13,1,0
2022-12-14,330.0151958126862,2022,12,14,2,0
2022-12-15,317.00443484226986,2022,12,15,3,0
2022-12-16,293.0269573118428,2022,12,16,4,0
2022-12-17,293.0148459136314,2022,12,17,5,1
2022-12-18,293.56729897565236,2022,12,18,6,1
2022-12-19,341.5349596712168,2022,12,19,0,0
2022-12-20,307.63870904463107,2022,12,20,1,0
2022-12-21,308.6008329438214,2022,12,21,2,0
2022-12-22,320.60566908063686,2022,12,22,3,0
2022-12-23,304.77578318053025,2022,12,23,4,0
2022-12-24,294.81915708358594,2022,12,24,5,1
2022-12-25,296.0730030183004,2022,12,25,6,1
2022-12-26,298.5679748117187,2022,12,26,0,0
2022-12-27,299.25555526980315,2022,12,27,1,0
2022-12-28,314.5525908727396,2022,12,28,2,0
2022-12-29,301.038917716146,2022,12,29,3,0
2022-12-30,314.65280154431156,2022,12,30,4,0
2022-12-31,298.38566839782834,2022,12,31,5,1
2023-01-01,376.5727038063218,2023,1,1,6,1
2023-01-02,335.03598630935784,2023,1,2,0,0
2023-01-03,393.3265534940496,2023,1,3,1,0
2023-01-04,381.92976951795987,2023,1,4,2,0
2023-01-05,394.96020219719304,2023,1,5,3,0
2023-01-06,317.0748924361262,2023,1,6,4,0
2023-01-07,416.76749409561455,2023,1,7,5,1
2023-01-08,372.20820743689654,2023,1,8,6,1
2023-01-09,397.1636563347503,2023,1,9,0,0
2023-01-10,354.2018814574894,2023,1,10,1,0
2023-01-11,387.2554781012514,2023,1,11,2,0
2023-01-12,353.9316887365269,2023,1,12,3,0
2023-01-13,362.5246207860839,2023,1,13,4,0
2023-01-14,413.28062707733574,2023,1,14,5,1
2023-01-15,371.18635198473305,2023,1,15,6,1
2023-01-16,379.34865746359446,2023,1,16,0,0
2023-01-17,392.4013546137751,2023,1,17,1,0
2023-01-18,384.9136377594521,2023,1,18,2,0
2023-01-19,378.0083781028715,2023,1,19,3,0
2023-01-20,382.2992200493245,2023,1,20,4,0
2023-01-21,423.0683117047655,2023,1,21,5,1
2023-01-22,373.84762405932827,2023,1,22,6,1
2023-01-23,379.02198093429934,2023,1,23,0,0
2023-01-24,396.01308792015226,2023,1,24,1,0
2023-01-25,397.11051865915965,2023,1,25,2,0
2023-01-26,398.7406061112076,2023,1,26,3,0
2023-01-27,387.7746044405837,2023,1,27,4,0
2023-01-28,352.1399017453903,2023,1,28,5,1
2023-01-29,407.66863064602194,2023,1,29,6,1
2023-01-30,352.0730921396262,2023,1,30,0,0
2023-01-31,381.05270930478065,2023,1,31,1,0
2023-02-01,378.2157531888348,2023,2,1,2,0
2023-02-02,392.0185032573621,2023,2,2,3,0
2023-02-03,399.87651839529155,2023,2,3,4,0
2023-02-04,399.72841449822744,2023,2,4,5,1
2023-02-05,401.73968527392765,2023,2,5,6,1
2023-02-06,425.5754955703949,2023,2,6,0,0
2023-02-07,402.37195621950156,2023,2,7,1,0
2023-02-08,388.418137483409,2023,2,8,2,0
2023-02-09,412.5830135549891,2023,2,9,3,0
2023-02-10,417.0906799677148,2023,2,10,4,0
2023-02-11,368.7491138864821,2023,2,11,5,1
2023-02-12,405.2492715862191,2023,2,12,6,1
2023-02-13,407.32472503543994,2023,2,13,0,0
2023-02-14,387.3500001220221,2023,2,14,1,0
2023-02-15,420.81540645545437,2023,2,15,2,0
2023-02-16,390.30015844857144,2023,2,16,3,0
2023-02-17,395.8127992586528,2023,2,17,4,0
2023-02-18,389.83983370354457,2023,2,18,5,1
2023-02-19,393.6128511408513,2023,2,19,6,1
2023-02-20,371.3757684513179,2023,2,20,0,0
2023-02-21,364.50025253733605,2023,2,21,1,0
2023-02-22,425.1913714537214,2023,2,22,2,0
2023-02-23,376.3620432228554,2023,2,23,3,0
2023-02-24,373.4734232000958,2023,2,24,4,0
2023-02-25,350.23346791714766,2023,2,25,5,1
2023-02-26,380.52203523543193,2023,2,26,6,1
2023-02-27,366.839474321072,2023,2,27,0,0
2023-02-28,426.14157339194935,2023,2,28,1,0
2023-03-01,420.1963417868527,2023,3,1,2,0
2023-03-02,386.23699309644553,2023,3,2,3,0
2023-03-03,445.04871610688616,2023,3,3,4,0
2023-03-04,419.6353097398319,2023,3,4,5,1
2023-03-05,393.5033723298275,2023,3,5,6,1
2023-03-06,350.01188570252856,2023,3,6,0,0
2023-03-07,445.81885145181485,2023,3,7,1,0
2023-03-08,372.2085506647281,2023,3,8,2,0
2023-03-09,367.09202506086217,2023,3,9,3,0
2023-03-10,420.4514086401928,2023,3,10,4,0
2023-03-11,448.79504812678545,2023,3,11,5,1
2023-03-12,427.6854563702104,2023,3,12,6,1
2023-03-13,411.2781824010472,2023,3,13,0,0
2023-03-14,411.8950868333057,2023,3,14,1,0
2023-03-15,417.06831117560614,2023,3,15,2,0
2023-03-16,415.1785717957353,2023,3,16,3,0
2023-03-17,405.6238284793875,2023,3,17,4,0
2023-03-18,402.08402207903754,2023,3,18,5,1
2023-03-19,398.7481374420096,2023,3,19,6,1
2023-03-20,384.92070822266646,2023,3,20,0,0
2023-03-21,394.3864984626645,2023,3,21,1,0
2023-03-22,366.14086371609227,2023,3,22,2,0
2023-03-23,398.033207464105,2023,3,23,3,0
2023-03-24,380.22817785698163,2023,3,24,4,0
2023-03-25,377.9282136556846,2023,3,25,5,1
2023-03-26,403.5978830230696,2023,3,26,6,1
2023-03-27,427.84004572689196,2023,3,27,0,0
2023-03-28,418.36633212004625,2023,3,28,1,0
2023-03-29,368.58998792753647,2023,3,29,2,0
2023-03-30,380.20743726859325,2023,3,30,3,0
2023-03-31,418.8154237597643,2023,3,31,4,0
2023-04-01,373.65152231845576,2023,4,1,5,1
2023-04-02,388.8086071892815,2023,4,2,6,1
2023-04-03,404.302312169713,2023,4,3,0,0
2023-04-04,373.93438109194926,2023,4,4,1,0
2023-04-05,395.4087803121412,2023,4,5,2,0
2023-04-06,366.62076029085785,2023,4,6,3,0
2023-04-07,381.2739173101977,2023,4,7,4,0
2023-04-08,399.6969088720727,2023,4,8,5,1
2023-04-09,361.4413955185886,2023,4,9,6,1
2023-04-10,402.11076494842996,2023,4,10,0,0
2023-04-11,392.90851421068834,2023,4,11,1,0
2023-04-12,404.35106927756493,2023,4,12,2,0
2023-04-13,397.7795528705152,2023,4,13,3,0
2023-04-14,420.58407878869883,2023,4,14,4,0
2023-04-15,395.8057602421801,2023,4,15,5,1
2023-04-16,384.71315936671687,2023,4,16,6,1
2023-04-17,395.7472202498676,2023,4,17,0,0
2023-04-18,404.1672307699497,2023,4,18,1,0
2023-04-19,394.27847159573605,2023,4,19,2,0
2023-04-20,394.1131040132996,2023,4,20,3,0
2023-04-21,379.2614364330868,2023,4,21,4,0
2023-04-22,380.043251838203,2023,4,22,5,1
2023-04-23,365.24916475322806,2023,4,23,6,1
2023-04-24,428.2928050529607,2023,4,24,0,0
2023-04-25,368.42400548139625,2023,4,25,1,0
2023-04-26,379.4431662333038,2023,4,26,2,0
2023-04-27,378.933124877838,2023,4,27,3,0
2023-04-28,411.1997577281108,2023,4,28,4,0
2023-04-29,387.4022766233814,2023,4,29,5,1
2023-04-30,418.2561116426966,2023,4,30,6,1
2023-05-01,361.53018751512263,2023,5,1,0,0
2023-05-02,380.57988324447604,2023,5,2,1,0
2023-05-03,358.29305893480483,2023,5,3,2,0
2023-05-04,417.90298255546776,2023,5,4,3,0
2023-05-05,351.24803161940974,2023,5,5,4,0
2023-05-06,381.19641420454053,2023,5,6,5,1
2023-05-07,387.67553761864195,2023,5,7,6,1
2023-05-08,383.27598194903,2023,5,8,0,0
2023-05-09,371.2942468224458,2023,5,9,1,0
2023-05-10,372.4035860053315,2023,5,10,2,0
2023-05-11,375.8762294395822,2023,5,11,3,0
2023-05-12,372.05995996743025,2023,5,12,4,0
2023-05-13,394.2775823358982,2023,5,13,5,1
2023-05-14,419.21046003182704,2023,5,14,6,1
2023-05-15,363.8501642998433,2023,5,15,0,0
2023-05-16,347.60394040841845,2023,5,16,1,0
2023-05-17,373.2343590329749,2023,5,17,2,0
2023-05-18,426.5941867530864,2023,5,18,3,0
2023-05-19,358.9265086406054,2023,5,19,4,0
2023-05-20,407.78233610888134,2023,5,20,5,1
2023-05-21,408.5540162815288,2023,5,21,6,1
2023-05-22,363.92823516584014,2023,5,22,0,0
2023-05-23,386.3796615837055,2023,5,23,1,0
2023-05-24,407.56793246257075,2023,5,24,2,0
2023-05-25,367.41744518025024,2023,5,25,3,0
2023-05-26,370.92839279795277,2023,5,26,4,0
2023-05-27,363.3663817210271,2023,5,27,5,1
2023-05-28,354.70486538614267,2023,5,28,6,1
2023-05-29,362.01444909867985,2023,5,29,0,0
2023-05-30,350.5211946647549,2023,5,30,1,0
2023-05-31,375.6816693651845,2023,5,31,2,0
2023-06-01,334.60053537882715,2023,6,1,3,0
2023-06-02,354.67571823581494,2023,6,2,4,0
2023-06-03,318.8820870759275,2023,6,3,5,1
2023-06-04,356.61760464428914,2023,6,4,6,1
2023-06-05,366.6705792321785,2023,6,5,0,0
2023-06-06,310.1252871485709,2023,6,6,1,0
2023-06-07,357.48113139695147,2023,6,7,2,0
2023-06-08,374.55337984946584,2023,6,8,3,0
2023-06-09,325.80717962617587,2023,6,9,4,0
2023-06-10,383.45144773675406,2023,6,10,5,1
2023-06-11,358.3803801873209,2023,6,11,6,1
2023-06-12,335.89976288483183,2023,6,12,0,0
2023-06-13,348.8846184468459,2023,6,13,1,0
2023-06-14,361.1665382504344,2023,6,14,2,0
2023-06-15,351.52010782824823,2023,6,15,3,0
2023-06-16,360.7751198489274,2023,6,16,4,0
2023-06-17,331.5865281384127,2023,6,17,5,1
2023-06-18,353.3872164807216,2023,6,18,6,1
2023-06-19,321.7257100619004,2023,6,19,0,0
2023-06-20,347.775478773026,2023,6,20,1,0
2023-06-21,331.9218471707042,2023,6,21,2,0
2023-06-22,335.28940114820466,2023,6,22,3,0
2023-06-23,374.7218635042087,2023,6,23,4,0
2023-06-24,371.8262024118854,2023,6,24,5,1
2023-06-25,362.1827624181435,2023,6,25,6,1
2023-06-26,328.1537447065484,2023,6,26,0,0
2023-06-27,343.67183100610396,2023,6,27,1,0
2023-06-28,374.2619539995837,2023,6,28,2,0
2023-06-29,352.8343382727981,2023,6,29,3,0
2023-06-30,396.3865907996339,2023,6,30,4,0
2023-07-01,332.8663567878874,2023,7,1,5,1
2023-07-02,328.8409823298006,2023,7,2,6,1
2023-07-03,318.81767071595,2023,7,3,0,0
2023-07-04,327.67081809564564,2023,7,4,1,0
2023-07-05,321.9506032723891,2023,7,5,2,0
2023-07-06,339.1621735337718,2023,7,6,3,0
2023-07-07,344.1340463358917,2023,7,7,4,0
2023-07-08,309.280210789841,2023,7,8,5,1
2023-07-09,298.3753409288444,2023,7,9,6,1
2023-07-10,288.27589253793406,2023,7,10,0,0
2023-07-11,335.15982653825085,2023,7,11,1,0
2023-07-12,302.93266787652254,2023,7,12,2,0
2023-07-13,281.94218814095035,2023,7,13,3,0
2023-07-14,332.77157209061926,2023,7,14,4,0
2023-07-15,374.8599903486558,2023,7,15,5,1
2023-07-16,324.8785817692021,2023,7,16,6,1
2023-07-17,341.76981548903285,2023,7,17,0,0
2023-07-18,326.6365871709513,2023,7,18,1,0
2023-07-19,323.02220693617716,2023,7,19,2,0
2023-07-20,343.38152965975536,2023,7,20,3,0
2023-07-21,319.194509116227,2023,7,21,4,0
2023-07-22,330.3478462814381,2023,7,22,5,1
2023-07-23,331.43395612392027,2023,7,23,6,1
2023-07-24,311.638190927139,2023,7,24,0,0
2023-07-25,344.8408469907305,2023,7,25,1,0
2023-07-26,321.5008048660918,2023,7,26,2,0
2023-07-27,309.8850968101431,2023,7,27,3,0
2023-07-28,335.73019687140805,2023,7,28,4,0
2023-07-29,307.03064036417925,2023,7,29,5,1
2023-07-30,325.56362314738254,2023,7,30,6,1
2023-07-31,324.8176200671159,2023,7,31,0,0
2023-08-01,328.41664112740966,2023,8,1,1,0
2023-08-02,316.19269446837717,2023,8,2,2,0
2023-08-03,306.1981906358752,2023,8,3,3,0
2023-08-04,323.05405579478384,2023,8,4,4,0
2023-08-05,334.50288079112437,2023,8,5,5,1
2023-08-06,317.85493593781536,2023,8,6,6,1
2023-08-07,306.9057822076457,2023,8,7,0,0
2023-08-08,280.4620051637749,2023,8,8,1,0
2023-08-09,285.3964565492706,2023,8,9,2,0
2023-08-10,300.59423572368473,2023,8,10,3,0
2023-08-11,294.50848576759245,2023,8,11,4,0
2023-08-12,302.95930375106917,2023,8,12,5,1
2023-08-13,307.83172830872024,2023,8,13,6,1
2023-08-14,317.2925848979127,2023,8,14,0,0
2023-08-15,305.28875424959625,2023,8,15,1,0
2023-08-16,316.42876268730214,2023,8,16,2,0
2023-08-17,307.9882181069805,2023,8,17,3,0
2023-08-18,267.1893984837007,2023,8,18,4,0
2023-08-19,287.912021934403,2023,8,19,5,1
2023-08-20,303.8169786963458,2023,8,20,6,1
2023-08-21,282.50483495395594,2023,8,21,0,0
2023-08-22,318.6973044107022,2023,8,22,1,0
2023-08-23,337.31374645765203,2023,8,23,2,0
2023-08-24,331.07396684472445,2023,8,24,3,0
2023-08-25,302.42987239217393,2023,8,25,4,0
2023-08-26,336.51325254777714,2023,8,26,5,1
2023-08-27,309.67207895482034,2023,8,27,6,1
2023-08-28,299.9570103884173,2023,8,28,0,0
2023-08-29,294.43067653995934,2023,8,29,1,0
2023-08-30,300.6493360810155,2023,8,30,2,0
2023-08-31,298.93519343995354,2023,8,31,3,0
2023-09-01,303.40832444750976,2023,9,1,4,0
2023-09-02,303.2114796209973,2023,9,2,5,1
2023-09-03,300.0609204030683,2023,9,3,6,1
2023-09-04,308.738763394927,2023,9,4,0,0
2023-09-05,323.8129254957268,2023,9,5,1,0
2023-09-06,318.99108270882647,2023,9,6,2,0
2023-09-07,270.30204063100194,2023,9,7,3,0
2023-09-08,248.9215773019609,2023,9,8,4,0
2023-09-09,318.6863982247855,2023,9,9,5,1
2023-09-10,272.66242603169155,2023,9,10,6,1
2023-09-11,295.50469196214635,2023,9,11,0,0
2023-09-12,276.5977394788128,2023,9,12,1,0
2023-09-13,263.9603912483996,2023,9,13,2,0
2023-09-14,310.8292545640958,2023,9,14,3,0
2023-09-15,315.1831032060529,2023,9,15,4,0
2023-09-16,288.46979198546563,2023,9,16,5,1
2023-09-17,248.1791541571018,2023,9,17,6,1
2023-09-18,289.07511103495034,2023,9,18,0,0
2023-09-19,307.8360801080509,2023,9,19,1,0
2023-09-20,270.4217686245174,2023,9,20,2,0
2023-09-21,303.6671983955831,2023,9,21,3,0
2023-09-22,299.6938030165401,2023,9,22,4,0
2023-09-23,311.5858299920218,2023,9,23,5,1
2023-09-24,302.3916073682831,2023,9,24,6,1
2023-09-25,280.5386211823689,2023,9,25,0,0
2023-09-26,323.9314300332898,2023,9,26,1,0
2023-09-27,296.8294085394606,2023,9,27,2,0
2023-09-28,299.45390920980134,2023,9,28,3,0
2023-09-29,281.33464081853606,2023,9,29,4,0
2023-09-30,291.1343549761698,2023,9,30,5,1
2023-10-01,289.00267553024,2023,10,1,6,1
2023-10-02,303.2398086123096,2023,10,2,0,0
2023-10-03,340.9328994136249,2023,10,3,1,0
2023-10-04,279.26070695215094,2023,10,4,2,0
2023-10-05,274.42750185324326,2023,10,5,3,0
2023-10-06,336.1221363606502,2023,10,6,4,0
2023-10-07,302.5122562677407,2023,10,7,5,1
2023-10-08,293.3172750375797,2023,10,8,6,1
2023-10-09,327.4968235586996,2023,10,9,0,0
2023-10-10,294.58641901604074,2023,10,10,1,0
2023-10-11,343.21892408171675,2023,10,11,2,0
2023-10-12,320.25724723756343,2023,10,12,3,0
2023-10-13,296.940501647864,2023,10,13,4,0
2023-10-14,349.8448940760881,2023,10,14,5,1
2023-10-15,294.58443135071127,2023,10,15,6,1
2023-10-16,321.5406372509642,2023,10,16,0,0
2023-10-17,312.6845814189079,2023,10,17,1,0
2023-10-18,332.73355559875404,2023,10,18,2,0
2023-10-19,337.9289537453151,2023,10,19,3,0
2023-10-20,307.3388127920934,2023,10,20,4,0
2023-10-21,291.6303724038544,2023,10,21,5,1
2023-10-22,315.8981726695604,2023,10,22,6,1
2023-10-23,293.1444224157359,2023,10,23,0,0
2023-10-24,346.9664747613105,2023,10,24,1,0
2023-10-25,309.4294364324328,2023,10,25,2,0
2023-10-26,299.39229878453585,2023,10,26,3,0
2023-10-27,310.3923359280762,2023,10,27,4,0
2023-10-28,279.7562040201841,2023,10,28,5,1
2023-10-29,287.266449040565,2023,10,29,6,1
2023-10-30,330.70700796966656,2023,10,30,0,0
2023-10-31,293.56084423135013,2023,10,31,1,0
2023-11-01,304.0617803463612,2023,11,1,2,0
2023-11-02,335.7330550505457,2023,11,2,3,0
2023-11-03,348.71408309325994,2023,11,3,4,0
2023-11-04,339.3790662133013,2023,11,4,5,1
2023-11-05,344.92095371611634,2023,11,5,6,1
2023-11-06,309.86409822861077,2023,11,6,0,0
2023-11-07,296.56378666516315,2023,11,7,1,0
2023-11-08,355.0266730391097,2023,11,8,2,0
2023-11-09,318.5464032231573,2023,11,9,3,0
2023-11-10,319.98333967089906,2023,11,10,4,0
2023-11-11,351.5638828369812,2023,11,11,5,1
2023-11-12,336.1246001880132,2023,11,12,6,1
2023-11-13,334.11775544163214,2023,11,13,0,0
2023-11-14,368.30004689802166,2023,11,14,1,0
2023-11-15,312.1296353923971,2023,11,15,2,0
2023-11-16,343.55680256162475,2023,11,16,3,0
2023-11-17,326.1402624979417,2023,11,17,4,0
2023-11-18,330.37184557726516,2023,11,18,5,1
2023-11-19,355.5693685282506,2023,11,19,6,1
2023-11-20,335.15671512579246,2023,11,20,0,0
2023-11-21,335.76592158099265,2023,11,21,1,0
2023-11-22,346.450146746196,2023,11,22,2,0
2023-11-23,317.7009454091423,2023,11,23,3,0
2023-11-24,308.2158066532199,2023,11,24,4,0
2023-11-25,304.10381611957934,2023,11,25,5,1
2023-11-26,285.67286821247995,2023,11,26,6,1
2023-11-27,366.12414259880643,2023,11,27,0,0
2023-11-28,302.9358326855663,2023,11,28,1,0
2023-11-29,320.57492752828455,2023,11,29,2,0
2023-11-30,319.4637340022216,2023,11,30,3,0
2023-12-01,356.148133956182,2023,12,1,4,0
2023-12-02,366.3147442507859,2023,12,2,5,1
2023-12-03,367.2094697671949,2023,12,3,6,1
2023-12-04,338.33845122862124,2023,12,4,0,0
2023-12-05,346.65756572427176,2023,12,5,1,0
2023-12-06,355.651599009766,2023,12,6,2,0
2023-12-07,345.02617747632905,2023,12,7,3,0
2023-12-08,382.14691152039984,2023,12,8,4,0
2023-12-09,359.819499032765,2023,12,9,5,1
2023-12-10,364.6975557209963,2023,12,10,6,1
2023-12-11,363.2576253733483,2023,12,11,0,0
2023-12-12,373.4694771497065,2023,12,12,1,0
2023-12-13,353.62043117407416,2023,12,13,2,0
2023-12-14,324.0633610408831,2023,12,14,3,0
2023-12-15,357.99375903505285,2023,12,15,4,0
2023-12-16,336.97286212416344,2023,12,16,5,1
2023-12-17,339.4276663650049,2023,12,17,6,1
2023-12-18,361.7272803751019,2023,12,18,0,0
2023-12-19,374.76566142867273,2023,12,19,1,0
2023-12-20,350.4254315347212,2023,12,20,2,0
2023-12-21,356.1766602519793,2023,12,21,3,0
2023-12-22,384.0442988927048,2023,12,22,4,0
2023-12-23,354.81506358977134,2023,12,23,5,1
2023-12-24,402.0336622836079,2023,12,24,6,1
2023-12-25,361.3101929126309,2023,12,25,0,0
2023-12-26,314.78474481688363,2023,12,26,1,0
2023-12-27,365.06683242209067,2023,12,27,2,0
2023-12-28,357.62316769765556,2023,12,28,3,0
2023-12-29,375.79505508165494,2023,12,29,4,0
2023-12-30,363.46362702539915,2023,12,30,5,1
2023-12-31,347.2308803203245,2023,12,31,6,1
